Date,Day,Week,Month,Quarter,Year,Focus_Area,Primary_Activity,Secondary_Activity,Meeting_Block,Strategic_Priority,Notes
2026-01-01,Thursday,Week 1,January,Q1,2026,People and Culture,Leadership development,Team assessments,AM: 1-on-1s | PM: Team development,Planning and KPI Review,Quarter Start - QBR preparation
2026-01-02,Friday,Week 1,January,Q1,2026,Governance and Planning,Board matters and compliance,Week retrospective,AM: Governance | PM: Planning,Planning and KPI Review,
2026-01-03,Saturday,Week 1,January,Q1,2026,Strategic Reserve,Strategic reading and research,Personal development,Reserved,Planning and KPI Review,
2026-01-04,Sunday,Week 1,January,Q1,2026,Planning and Reflection,Week preparation,Goal alignment,Reserved,Planning and KPI Review,
2026-01-05,Monday,Week 1,January,Q1,2026,Strategic Alignment,Week kickoff and priority setting,Board preparation,AM: Executive sync | PM: Strategic planning,Planning and KPI Review,
2026-01-06,Tuesday,Week 1,January,Q1,2026,Operations,Department reviews and metrics,Operational metrics review,AM: Operations review | PM: Department heads,Planning and KPI Review,
2026-01-07,Wednesday,Week 1,January,Q1,2026,Growth and Development,External engagement and partnerships,Innovation initiatives,AM: External meetings | PM: Partner calls,Planning and KPI Review,
2026-01-08,Thursday,Week 2,January,Q1,2026,People and Culture,Leadership development,Team assessments,AM: 1-on-1s | PM: Team development,Stakeholder Engagement,
2026-01-09,Friday,Week 2,January,Q1,2026,Governance and Planning,Board matters and compliance,Week retrospective,AM: Governance | PM: Planning,Stakeholder Engagement,
2026-01-10,Saturday,Week 2,January,Q1,2026,Strategic Reserve,Strategic reading and research,Personal development,Reserved,Stakeholder Engagement,
2026-01-11,Sunday,Week 2,January,Q1,2026,Planning and Reflection,Week preparation,Goal alignment,Reserved,Stakeholder Engagement,
2026-01-12,Monday,Week 2,January,Q1,2026,Strategic Alignment,Week kickoff and priority setting,Board preparation,AM: Executive sync | PM: Strategic planning,Stakeholder Engagement,
2026-01-13,Tuesday,Week 2,January,Q1,2026,Operations,Department reviews and metrics,Operational metrics review,AM: Operations review | PM: Department heads,Stakeholder Engagement,
2026-01-14,Wednesday,Week 2,January,Q1,2026,Growth and Development,External engagement and partnerships,Innovation initiatives,AM: External meetings | PM: Partner calls,Stakeholder Engagement,
2026-01-15,Thursday,Week 3,January,Q1,2026,People and Culture,Leadership development,Team assessments,AM: 1-on-1s | PM: Team development,Strategic Initiatives,Mid-month checkpoint
2026-01-16,Friday,Week 3,January,Q1,2026,Governance and Planning,Board matters and compliance,Week retrospective,AM: Governance | PM: Planning,Strategic Initiatives,
2026-01-17,Saturday,Week 3,January,Q1,2026,Strategic Reserve,Strategic reading and research,Personal development,Reserved,Strategic Initiatives,
2026-01-18,Sunday,Week 3,January,Q1,2026,Planning and Reflection,Week preparation,Goal alignment,Reserved,Strategic Initiatives,
2026-01-19,Monday,Week 3,January,Q1,2026,Strategic Alignment,Week kickoff and priority setting,Board preparation,AM: Executive sync | PM: Strategic planning,Strategic Initiatives,
2026-01-20,Tuesday,Week 3,January,Q1,2026,Operations,Department reviews and metrics,Operational metrics review,AM: Operations review | PM: Department heads,Strategic Initiatives,
2026-01-21,Wednesday,Week 3,January,Q1,2026,Growth and Development,External engagement and partnerships,Innovation initiatives,AM: External meetings | PM: Partner calls,Strategic Initiatives,
2026-01-22,Thursday,Week 4,January,Q1,2026,People and Culture,Leadership development,Team assessments,AM: 1-on-1s | PM: Team development,Performance Review,
2026-01-23,Friday,Week 4,January,Q1,2026,Governance and Planning,Board matters and compliance,Week retrospective,AM: Governance | PM: Planning,Performance Review,
2026-01-24,Saturday,Week 4,January,Q1,2026,Strategic Reserve,Strategic reading and research,Personal development,Reserved,Performance Review,
2026-01-25,Sunday,Week 4,January,Q1,2026,Planning and Reflection,Week preparation,Goal alignment,Reserved,Performance Review,
2026-01-26,Monday,Week 4,January,Q1,2026,Strategic Alignment,Week kickoff and priority setting,Board preparation,AM: Executive sync | PM: Strategic planning,Performance Review,
2026-01-27,Tuesday,Week 4,January,Q1,2026,Operations,Department reviews and metrics,Operational metrics review,AM: Operations review | PM: Department heads,Performance Review,
2026-01-28,Wednesday,Week 4,January,Q1,2026,Growth and Development,External engagement and partnerships,Innovation initiatives,AM: External meetings | PM: Partner calls,Performance Review,
2026-01-29,Thursday,Week 5,January,Q1,2026,People and Culture,Leadership development,Team assessments,AM: 1-on-1s | PM: Team development,Month-end Consolidation,
2026-01-30,Friday,Week 5,January,Q1,2026,Governance and Planning,Board matters and compliance,Week retrospective,AM: Governance | PM: Planning,Month-end Consolidation,
2026-01-31,Saturday,Week 5,January,Q1,2026,Strategic Reserve,Strategic reading and research,Personal development,Reserved,Month-end Consolidation,
2026-02-01,Sunday,Week 1,February,Q1,2026,Planning and Reflection,Week preparation,Goal alignment,Reserved,Planning and KPI Review,Month Start - Full metrics review
2026-02-02,Monday,Week 1,February,Q1,2026,Strategic Alignment,Week kickoff and priority setting,Board preparation,AM: Executive sync | PM: Strategic planning,Planning and KPI Review,
2026-02-03,Tuesday,Week 1,February,Q1,2026,Operations,Department reviews and metrics,Operational metrics review,AM: Operations review | PM: Department heads,Planning and KPI Review,
2026-02-04,Wednesday,Week 1,February,Q1,2026,Growth and Development,External engagement and partnerships,Innovation initiatives,AM: External meetings | PM: Partner calls,Planning and KPI Review,
2026-02-05,Thursday,Week 1,February,Q1,2026,People and Culture,Leadership development,Team assessments,AM: 1-on-1s | PM: Team development,Planning and KPI Review,
2026-02-06,Friday,Week 1,February,Q1,2026,Governance and Planning,Board matters and compliance,Week retrospective,AM: Governance | PM: Planning,Planning and KPI Review,
2026-02-07,Saturday,Week 1,February,Q1,2026,Strategic Reserve,Strategic reading and research,Personal development,Reserved,Planning and KPI Review,
2026-02-08,Sunday,Week 2,February,Q1,2026,Planning and Reflection,Week preparation,Goal alignment,Reserved,Stakeholder Engagement,
2026-02-09,Monday,Week 2,February,Q1,2026,Strategic Alignment,Week kickoff and priority setting,Board preparation,AM: Executive sync | PM: Strategic planning,Stakeholder Engagement,
2026-02-10,Tuesday,Week 2,February,Q1,2026,Operations,Department reviews and metrics,Operational metrics review,AM: Operations review | PM: Department heads,Stakeholder Engagement,
2026-02-11,Wednesday,Week 2,February,Q1,2026,Growth and Development,External engagement and partnerships,Innovation initiatives,AM: External meetings | PM: Partner calls,Stakeholder Engagement,
2026-02-12,Thursday,Week 2,February,Q1,2026,People and Culture,Leadership development,Team assessments,AM: 1-on-1s | PM: Team development,Stakeholder Engagement,
2026-02-13,Friday,Week 2,February,Q1,2026,Governance and Planning,Board matters and compliance,Week retrospective,AM: Governance | PM: Planning,Stakeholder Engagement,
2026-02-14,Saturday,Week 2,February,Q1,2026,Strategic Reserve,Strategic reading and research,Personal development,Reserved,Stakeholder Engagement,
2026-02-15,Sunday,Week 3,February,Q1,2026,Planning and Reflection,Week preparation,Goal alignment,Reserved,Strategic Initiatives,Mid-month checkpoint
2026-02-16,Monday,Week 3,February,Q1,2026,Strategic Alignment,Week kickoff and priority setting,Board preparation,AM: Executive sync | PM: Strategic planning,Strategic Initiatives,
2026-02-17,Tuesday,Week 3,February,Q1,2026,Operations,Department reviews and metrics,Operational metrics review,AM: Operations review | PM: Department heads,Strategic Initiatives,
2026-02-18,Wednesday,Week 3,February,Q1,2026,Growth and Development,External engagement and partnerships,Innovation initiatives,AM: External meetings | PM: Partner calls,Strategic Initiatives,
2026-02-19,Thursday,Week 3,February,Q1,2026,People and Culture,Leadership development,Team assessments,AM: 1-on-1s | PM: Team development,Strategic Initiatives,
2026-02-20,Friday,Week 3,February,Q1,2026,Governance and Planning,Board matters and compliance,Week retrospective,AM: Governance | PM: Planning,Strategic Initiatives,
2026-02-21,Saturday,Week 3,February,Q1,2026,Strategic Reserve,Strategic reading and research,Personal development,Reserved,Strategic Initiatives,
2026-02-22,Sunday,Week 4,February,Q1,2026,Planning and Reflection,Week preparation,Goal alignment,Reserved,Performance Review,
2026-02-23,Monday,Week 4,February,Q1,2026,Strategic Alignment,Week kickoff and priority setting,Board preparation,AM: Executive sync | PM: Strategic planning,Performance Review,
2026-02-24,Tuesday,Week 4,February,Q1,2026,Operations,Department reviews and metrics,Operational metrics review,AM: Operations review | PM: Department heads,Performance Review,
2026-02-25,Wednesday,Week 4,February,Q1,2026,Growth and Development,External engagement and partnerships,Innovation initiatives,AM: External meetings | PM: Partner calls,Performance Review,
2026-02-26,Thursday,Week 4,February,Q1,2026,People and Culture,Leadership development,Team assessments,AM: 1-on-1s | PM: Team development,Performance Review,
2026-02-27,Friday,Week 4,February,Q1,2026,Governance and Planning,Board matters and compliance,Week retrospective,AM: Governance | PM: Planning,Performance Review,
2026-02-28,Saturday,Week 4,February,Q1,2026,Strategic Reserve,Strategic reading and research,Personal development,Reserved,Performance Review,
2026-03-01,Sunday,Week 1,March,Q1,2026,Planning and Reflection,Week preparation,Goal alignment,Reserved,Planning and KPI Review,Month Start - Full metrics review
2026-03-02,Monday,Week 1,March,Q1,2026,Strategic Alignment,Week kickoff and priority setting,Board preparation,AM: Executive sync | PM: Strategic planning,Planning and KPI Review,
2026-03-03,Tuesday,Week 1,March,Q1,2026,Operations,Department reviews and metrics,Operational metrics review,AM: Operations review | PM: Department heads,Planning and KPI Review,
2026-03-04,Wednesday,Week 1,March,Q1,2026,Growth and Development,External engagement and partnerships,Innovation initiatives,AM: External meetings | PM: Partner calls,Planning and KPI Review,
2026-03-05,Thursday,Week 1,March,Q1,2026,People and Culture,Leadership development,Team assessments,AM: 1-on-1s | PM: Team development,Planning and KPI Review,
2026-03-06,Friday,Week 1,March,Q1,2026,Governance and Planning,Board matters and compliance,Week retrospective,AM: Governance | PM: Planning,Planning and KPI Review,
2026-03-07,Saturday,Week 1,March,Q1,2026,Strategic Reserve,Strategic reading and research,Personal development,Reserved,Planning and KPI Review,
2026-03-08,Sunday,Week 2,March,Q1,2026,Planning and Reflection,Week preparation,Goal alignment,Reserved,Stakeholder Engagement,
2026-03-09,Monday,Week 2,March,Q1,2026,Strategic Alignment,Week kickoff and priority setting,Board preparation,AM: Executive sync | PM: Strategic planning,Stakeholder Engagement,
2026-03-10,Tuesday,Week 2,March,Q1,2026,Operations,Department reviews and metrics,Operational metrics review,AM: Operations review | PM: Department heads,Stakeholder Engagement,
2026-03-11,Wednesday,Week 2,March,Q1,2026,Growth and Development,External engagement and partnerships,Innovation initiatives,AM: External meetings | PM: Partner calls,Stakeholder Engagement,
2026-03-12,Thursday,Week 2,March,Q1,2026,People and Culture,Leadership development,Team assessments,AM: 1-on-1s | PM: Team development,Stakeholder Engagement,
2026-03-13,Friday,Week 2,March,Q1,2026,Governance and Planning,Board matters and compliance,Week retrospective,AM: Governance | PM: Planning,Stakeholder Engagement,
2026-03-14,Saturday,Week 2,March,Q1,2026,Strategic Reserve,Strategic reading and research,Personal development,Reserved,Stakeholder Engagement,
2026-03-15,Sunday,Week 3,March,Q1,2026,Planning and Reflection,Week preparation,Goal alignment,Reserved,Strategic Initiatives,Mid-month checkpoint
2026-03-16,Monday,Week 3,March,Q1,2026,Strategic Alignment,Week kickoff and priority setting,Board preparation,AM: Executive sync | PM: Strategic planning,Strategic Initiatives,
2026-03-17,Tuesday,Week 3,March,Q1,2026,Operations,Department reviews and metrics,Operational metrics review,AM: Operations review | PM: Department heads,Strategic Initiatives,
2026-03-18,Wednesday,Week 3,March,Q1,2026,Growth and Development,External engagement and partnerships,Innovation initiatives,AM: External meetings | PM: Partner calls,Strategic Initiatives,
2026-03-19,Thursday,Week 3,March,Q1,2026,People and Culture,Leadership development,Team assessments,AM: 1-on-1s | PM: Team development,Strategic Initiatives,
2026-03-20,Friday,Week 3,March,Q1,2026,Governance and Planning,Board matters and compliance,Week retrospective,AM: Governance | PM: Planning,Strategic Initiatives,
2026-03-21,Saturday,Week 3,March,Q1,2026,Strategic Reserve,Strategic reading and research,Personal development,Reserved,Strategic Initiatives,
2026-03-22,Sunday,Week 4,March,Q1,2026,Planning and Reflection,Week preparation,Goal alignment,Reserved,Performance Review,
2026-03-23,Monday,Week 4,March,Q1,2026,Strategic Alignment,Week kickoff and priority setting,Board preparation,AM: Executive sync | PM: Strategic planning,Performance Review,
2026-03-24,Tuesday,Week 4,March,Q1,2026,Operations,Department reviews and metrics,Operational metrics review,AM: Operations review | PM: Department heads,Performance Review,
2026-03-25,Wednesday,Week 4,March,Q1,2026,Growth and Development,External engagement and partnerships,Innovation initiatives,AM: External meetings | PM: Partner calls,Performance Review,
2026-03-26,Thursday,Week 4,March,Q1,2026,People and Culture,Leadership development,Team assessments,AM: 1-on-1s | PM: Team development,Performance Review,
2026-03-27,Friday,Week 4,March,Q1,2026,Governance and Planning,Board matters and compliance,Week retrospective,AM: Governance | PM: Planning,Performance Review,
2026-03-28,Saturday,Week 4,March,Q1,2026,Strategic Reserve,Strategic reading and research,Personal development,Reserved,Performance Review,
2026-03-29,Sunday,Week 5,March,Q1,2026,Planning and Reflection,Week preparation,Goal alignment,Reserved,Month-end Consolidation,
2026-03-30,Monday,Week 5,March,Q1,2026,Strategic Alignment,Week kickoff and priority setting,Board preparation,AM: Executive sync | PM: Strategic planning,Month-end Consolidation,
2026-03-31,Tuesday,Week 5,March,Q1,2026,Operations,Department reviews and metrics,Operational metrics review,AM: Operations review | PM: Department heads,Month-end Consolidation,
2026-04-01,Wednesday,Week 1,April,Q2,2026,Growth and Development,External engagement and partnerships,Innovation initiatives,AM: External meetings | PM: Partner calls,Planning and KPI Review,Quarter Start - QBR preparation
2026-04-02,Thursday,Week 1,April,Q2,2026,People and Culture,Leadership development,Team assessments,AM: 1-on-1s | PM: Team development,Planning and KPI Review,
2026-04-03,Friday,Week 1,April,Q2,2026,Governance and Planning,Board matters and compliance,Week retrospective,AM: Governance | PM: Planning,Planning and KPI Review,
2026-04-04,Saturday,Week 1,April,Q2,2026,Strategic Reserve,Strategic reading and research,Personal development,Reserved,Planning and KPI Review,
2026-04-05,Sunday,Week 1,April,Q2,2026,Planning and Reflection,Week preparation,Goal alignment,Reserved,Planning and KPI Review,
2026-04-06,Monday,Week 1,April,Q2,2026,Strategic Alignment,Week kickoff and priority setting,Board preparation,AM: Executive sync | PM: Strategic planning,Planning and KPI Review,
2026-04-07,Tuesday,Week 1,April,Q2,2026,Operations,Department reviews and metrics,Operational metrics review,AM: Operations review | PM: Department heads,Planning and KPI Review,
2026-04-08,Wednesday,Week 2,April,Q2,2026,Growth and Development,External engagement and partnerships,Innovation initiatives,AM: External meetings | PM: Partner calls,Stakeholder Engagement,
2026-04-09,Thursday,Week 2,April,Q2,2026,People and Culture,Leadership development,Team assessments,AM: 1-on-1s | PM: Team development,Stakeholder Engagement,
2026-04-10,Friday,Week 2,April,Q2,2026,Governance and Planning,Board matters and compliance,Week retrospective,AM: Governance | PM: Planning,Stakeholder Engagement,
2026-04-11,Saturday,Week 2,April,Q2,2026,Strategic Reserve,Strategic reading and research,Personal development,Reserved,Stakeholder Engagement,
2026-04-12,Sunday,Week 2,April,Q2,2026,Planning and Reflection,Week preparation,Goal alignment,Reserved,Stakeholder Engagement,
2026-04-13,Monday,Week 2,April,Q2,2026,Strategic Alignment,Week kickoff and priority setting,Board preparation,AM: Executive sync | PM: Strategic planning,Stakeholder Engagement,
2026-04-14,Tuesday,Week 2,April,Q2,2026,Operations,Department reviews and metrics,Operational metrics review,AM: Operations review | PM: Department heads,Stakeholder Engagement,
2026-04-15,Wednesday,Week 3,April,Q2,2026,Growth and Development,External engagement and partnerships,Innovation initiatives,AM: External meetings | PM: Partner calls,Strategic Initiatives,Mid-month checkpoint
2026-04-16,Thursday,Week 3,April,Q2,2026,People and Culture,Leadership development,Team assessments,AM: 1-on-1s | PM: Team development,Strategic Initiatives,
2026-04-17,Friday,Week 3,April,Q2,2026,Governance and Planning,Board matters and compliance,Week retrospective,AM: Governance | PM: Planning,Strategic Initiatives,
2026-04-18,Saturday,Week 3,April,Q2,2026,Strategic Reserve,Strategic reading and research,Personal development,Reserved,Strategic Initiatives,
2026-04-19,Sunday,Week 3,April,Q2,2026,Planning and Reflection,Week preparation,Goal alignment,Reserved,Strategic Initiatives,
2026-04-20,Monday,Week 3,April,Q2,2026,Strategic Alignment,Week kickoff and priority setting,Board preparation,AM: Executive sync | PM: Strategic planning,Strategic Initiatives,
2026-04-21,Tuesday,Week 3,April,Q2,2026,Operations,Department reviews and metrics,Operational metrics review,AM: Operations review | PM: Department heads,Strategic Initiatives,
2026-04-22,Wednesday,Week 4,April,Q2,2026,Growth and Development,External engagement and partnerships,Innovation initiatives,AM: External meetings | PM: Partner calls,Performance Review,
2026-04-23,Thursday,Week 4,April,Q2,2026,People and Culture,Leadership development,Team assessments,AM: 1-on-1s | PM: Team development,Performance Review,
2026-04-24,Friday,Week 4,April,Q2,2026,Governance and Planning,Board matters and compliance,Week retrospective,AM: Governance | PM: Planning,Performance Review,
2026-04-25,Saturday,Week 4,April,Q2,2026,Strategic Reserve,Strategic reading and research,Personal development,Reserved,Performance Review,
2026-04-26,Sunday,Week 4,April,Q2,2026,Planning and Reflection,Week preparation,Goal alignment,Reserved,Performance Review,
2026-04-27,Monday,Week 4,April,Q2,2026,Strategic Alignment,Week kickoff and priority setting,Board preparation,AM: Executive sync | PM: Strategic planning,Performance Review,
2026-04-28,Tuesday,Week 4,April,Q2,2026,Operations,Department reviews and metrics,Operational metrics review,AM: Operations review | PM: Department heads,Performance Review,
2026-04-29,Wednesday,Week 5,April,Q2,2026,Growth and Development,External engagement and partnerships,Innovation initiatives,AM: External meetings | PM: Partner calls,Month-end Consolidation,
2026-04-30,Thursday,Week 5,April,Q2,2026,People and Culture,Leadership development,Team assessments,AM: 1-on-1s | PM: Team development,Month-end Consolidation,
2026-05-01,Friday,Week 1,May,Q2,2026,Governance and Planning,Board matters and compliance,Week retrospective,AM: Governance | PM: Planning,Planning and KPI Review,Month Start - Full metrics review
2026-05-02,Saturday,Week 1,May,Q2,2026,Strategic Reserve,Strategic reading and research,Personal development,Reserved,Planning and KPI Review,
2026-05-03,Sunday,Week 1,May,Q2,2026,Planning and Reflection,Week preparation,Goal alignment,Reserved,Planning and KPI Review,
2026-05-04,Monday,Week 1,May,Q2,2026,Strategic Alignment,Week kickoff and priority setting,Board preparation,AM: Executive sync | PM: Strategic planning,Planning and KPI Review,
2026-05-05,Tuesday,Week 1,May,Q2,2026,Operations,Department reviews and metrics,Operational metrics review,AM: Operations review | PM: Department heads,Planning and KPI Review,
2026-05-06,Wednesday,Week 1,May,Q2,2026,Growth and Development,External engagement and partnerships,Innovation initiatives,AM: External meetings | PM: Partner calls,Planning and KPI Review,
2026-05-07,Thursday,Week 1,May,Q2,2026,People and Culture,Leadership development,Team assessments,AM: 1-on-1s | PM: Team development,Planning and KPI Review,
2026-05-08,Friday,Week 2,May,Q2,2026,Governance and Planning,Board matters and compliance,Week retrospective,AM: Governance | PM: Planning,Stakeholder Engagement,
2026-05-09,Saturday,Week 2,May,Q2,2026,Strategic Reserve,Strategic reading and research,Personal development,Reserved,Stakeholder Engagement,
2026-05-10,Sunday,Week 2,May,Q2,2026,Planning and Reflection,Week preparation,Goal alignment,Reserved,Stakeholder Engagement,
2026-05-11,Monday,Week 2,May,Q2,2026,Strategic Alignment,Week kickoff and priority setting,Board preparation,AM: Executive sync | PM: Strategic planning,Stakeholder Engagement,
2026-05-12,Tuesday,Week 2,May,Q2,2026,Operations,Department reviews and metrics,Operational metrics review,AM: Operations review | PM: Department heads,Stakeholder Engagement,
2026-05-13,Wednesday,Week 2,May,Q2,2026,Growth and Development,External engagement and partnerships,Innovation initiatives,AM: External meetings | PM: Partner calls,Stakeholder Engagement,
2026-05-14,Thursday,Week 2,May,Q2,2026,People and Culture,Leadership development,Team assessments,AM: 1-on-1s | PM: Team development,Stakeholder Engagement,
2026-05-15,Friday,Week 3,May,Q2,2026,Governance and Planning,Board matters and compliance,Week retrospective,AM: Governance | PM: Planning,Strategic Initiatives,Mid-month checkpoint
2026-05-16,Saturday,Week 3,May,Q2,2026,Strategic Reserve,Strategic reading and research,Personal development,Reserved,Strategic Initiatives,
2026-05-17,Sunday,Week 3,May,Q2,2026,Planning and Reflection,Week preparation,Goal alignment,Reserved,Strategic Initiatives,
2026-05-18,Monday,Week 3,May,Q2,2026,Strategic Alignment,Week kickoff and priority setting,Board preparation,AM: Executive sync | PM: Strategic planning,Strategic Initiatives,
2026-05-19,Tuesday,Week 3,May,Q2,2026,Operations,Department reviews and metrics,Operational metrics review,AM: Operations review | PM: Department heads,Strategic Initiatives,
2026-05-20,Wednesday,Week 3,May,Q2,2026,Growth and Development,External engagement and partnerships,Innovation initiatives,AM: External meetings | PM: Partner calls,Strategic Initiatives,
2026-05-21,Thursday,Week 3,May,Q2,2026,People and Culture,Leadership development,Team assessments,AM: 1-on-1s | PM: Team development,Strategic Initiatives,
2026-05-22,Friday,Week 4,May,Q2,2026,Governance and Planning,Board matters and compliance,Week retrospective,AM: Governance | PM: Planning,Performance Review,
2026-05-23,Saturday,Week 4,May,Q2,2026,Strategic Reserve,Strategic reading and research,Personal development,Reserved,Performance Review,
2026-05-24,Sunday,Week 4,May,Q2,2026,Planning and Reflection,Week preparation,Goal alignment,Reserved,Performance Review,
2026-05-25,Monday,Week 4,May,Q2,2026,Strategic Alignment,Week kickoff and priority setting,Board preparation,AM: Executive sync | PM: Strategic planning,Performance Review,
2026-05-26,Tuesday,Week 4,May,Q2,2026,Operations,Department reviews and metrics,Operational metrics review,AM: Operations review | PM: Department heads,Performance Review,
2026-05-27,Wednesday,Week 4,May,Q2,2026,Growth and Development,External engagement and partnerships,Innovation initiatives,AM: External meetings | PM: Partner calls,Performance Review,
2026-05-28,Thursday,Week 4,May,Q2,2026,People and Culture,Leadership development,Team assessments,AM: 1-on-1s | PM: Team development,Performance Review,
2026-05-29,Friday,Week 5,May,Q2,2026,Governance and Planning,Board matters and compliance,Week retrospective,AM: Governance | PM: Planning,Month-end Consolidation,
2026-05-30,Saturday,Week 5,May,Q2,2026,Strategic Reserve,Strategic reading and research,Personal development,Reserved,Month-end Consolidation,
2026-05-31,Sunday,Week 5,May,Q2,2026,Planning and Reflection,Week preparation,Goal alignment,Reserved,Month-end Consolidation,
2026-06-01,Monday,Week 1,June,Q2,2026,Strategic Alignment,Week kickoff and priority setting,Board preparation,AM: Executive sync | PM: Strategic planning,Planning and KPI Review,Month Start - Full metrics review
2026-06-02,Tuesday,Week 1,June,Q2,2026,Operations,Department reviews and metrics,Operational metrics review,AM: Operations review | PM: Department heads,Planning and KPI Review,
2026-06-03,Wednesday,Week 1,June,Q2,2026,Growth and Development,External engagement and partnerships,Innovation initiatives,AM: External meetings | PM: Partner calls,Planning and KPI Review,
2026-06-04,Thursday,Week 1,June,Q2,2026,People and Culture,Leadership development,Team assessments,AM: 1-on-1s | PM: Team development,Planning and KPI Review,
2026-06-05,Friday,Week 1,June,Q2,2026,Governance and Planning,Board matters and compliance,Week retrospective,AM: Governance | PM: Planning,Planning and KPI Review,
2026-06-06,Saturday,Week 1,June,Q2,2026,Strategic Reserve,Strategic reading and research,Personal development,Reserved,Planning and KPI Review,
2026-06-07,Sunday,Week 1,June,Q2,2026,Planning and Reflection,Week preparation,Goal alignment,Reserved,Planning and KPI Review,
2026-06-08,Monday,Week 2,June,Q2,2026,Strategic Alignment,Week kickoff and priority setting,Board preparation,AM: Executive sync | PM: Strategic planning,Stakeholder Engagement,
2026-06-09,Tuesday,Week 2,June,Q2,2026,Operations,Department reviews and metrics,Operational metrics review,AM: Operations review | PM: Department heads,Stakeholder Engagement,
2026-06-10,Wednesday,Week 2,June,Q2,2026,Growth and Development,External engagement and partnerships,Innovation initiatives,AM: External meetings | PM: Partner calls,Stakeholder Engagement,
2026-06-11,Thursday,Week 2,June,Q2,2026,People and Culture,Leadership development,Team assessments,AM: 1-on-1s | PM: Team development,Stakeholder Engagement,
2026-06-12,Friday,Week 2,June,Q2,2026,Governance and Planning,Board matters and compliance,Week retrospective,AM: Governance | PM: Planning,Stakeholder Engagement,
2026-06-13,Saturday,Week 2,June,Q2,2026,Strategic Reserve,Strategic reading and research,Personal development,Reserved,Stakeholder Engagement,
2026-06-14,Sunday,Week 2,June,Q2,2026,Planning and Reflection,Week preparation,Goal alignment,Reserved,Stakeholder Engagement,
2026-06-15,Monday,Week 3,June,Q2,2026,Strategic Alignment,Week kickoff and priority setting,Board preparation,AM: Executive sync | PM: Strategic planning,Strategic Initiatives,Mid-month checkpoint
2026-06-16,Tuesday,Week 3,June,Q2,2026,Operations,Department reviews and metrics,Operational metrics review,AM: Operations review | PM: Department heads,Strategic Initiatives,
2026-06-17,Wednesday,Week 3,June,Q2,2026,Growth and Development,External engagement and partnerships,Innovation initiatives,AM: External meetings | PM: Partner calls,Strategic Initiatives,
2026-06-18,Thursday,Week 3,June,Q2,2026,People and Culture,Leadership development,Team assessments,AM: 1-on-1s | PM: Team development,Strategic Initiatives,
2026-06-19,Friday,Week 3,June,Q2,2026,Governance and Planning,Board matters and compliance,Week retrospective,AM: Governance | PM: Planning,Strategic Initiatives,
2026-06-20,Saturday,Week 3,June,Q2,2026,Strategic Reserve,Strategic reading and research,Personal development,Reserved,Strategic Initiatives,
2026-06-21,Sunday,Week 3,June,Q2,2026,Planning and Reflection,Week preparation,Goal alignment,Reserved,Strategic Initiatives,
2026-06-22,Monday,Week 4,June,Q2,2026,Strategic Alignment,Week kickoff and priority setting,Board preparation,AM: Executive sync | PM: Strategic planning,Performance Review,
2026-06-23,Tuesday,Week 4,June,Q2,2026,Operations,Department reviews and metrics,Operational metrics review,AM: Operations review | PM: Department heads,Performance Review,
2026-06-24,Wednesday,Week 4,June,Q2,2026,Growth and Development,External engagement and partnerships,Innovation initiatives,AM: External meetings | PM: Partner calls,Performance Review,
2026-06-25,Thursday,Week 4,June,Q2,2026,People and Culture,Leadership development,Team assessments,AM: 1-on-1s | PM: Team development,Performance Review,
2026-06-26,Friday,Week 4,June,Q2,2026,Governance and Planning,Board matters and compliance,Week retrospective,AM: Governance | PM: Planning,Performance Review,
2026-06-27,Saturday,Week 4,June,Q2,2026,Strategic Reserve,Strategic reading and research,Personal development,Reserved,Performance Review,
2026-06-28,Sunday,Week 4,June,Q2,2026,Planning and Reflection,Week preparation,Goal alignment,Reserved,Performance Review,
2026-06-29,Monday,Week 5,June,Q2,2026,Strategic Alignment,Week kickoff and priority setting,Board preparation,AM: Executive sync | PM: Strategic planning,Month-end Consolidation,
2026-06-30,Tuesday,Week 5,June,Q2,2026,Operations,Department reviews and metrics,Operational metrics review,AM: Operations review | PM: Department heads,Month-end Consolidation,
2026-07-01,Wednesday,Week 1,July,Q3,2026,Growth and Development,External engagement and partnerships,Innovation initiatives,AM: External meetings | PM: Partner calls,Planning and KPI Review,Quarter Start - QBR preparation
2026-07-02,Thursday,Week 1,July,Q3,2026,People and Culture,Leadership development,Team assessments,AM: 1-on-1s | PM: Team development,Planning and KPI Review,
2026-07-03,Friday,Week 1,July,Q3,2026,Governance and Planning,Board matters and compliance,Week retrospective,AM: Governance | PM: Planning,Planning and KPI Review,
2026-07-04,Saturday,Week 1,July,Q3,2026,Strategic Reserve,Strategic reading and research,Personal development,Reserved,Planning and KPI Review,
2026-07-05,Sunday,Week 1,July,Q3,2026,Planning and Reflection,Week preparation,Goal alignment,Reserved,Planning and KPI Review,
2026-07-06,Monday,Week 1,July,Q3,2026,Strategic Alignment,Week kickoff and priority setting,Board preparation,AM: Executive sync | PM: Strategic planning,Planning and KPI Review,
2026-07-07,Tuesday,Week 1,July,Q3,2026,Operations,Department reviews and metrics,Operational metrics review,AM: Operations review | PM: Department heads,Planning and KPI Review,
2026-07-08,Wednesday,Week 2,July,Q3,2026,Growth and Development,External engagement and partnerships,Innovation initiatives,AM: External meetings | PM: Partner calls,Stakeholder Engagement,
2026-07-09,Thursday,Week 2,July,Q3,2026,People and Culture,Leadership development,Team assessments,AM: 1-on-1s | PM: Team development,Stakeholder Engagement,
2026-07-10,Friday,Week 2,July,Q3,2026,Governance and Planning,Board matters and compliance,Week retrospective,AM: Governance | PM: Planning,Stakeholder Engagement,
2026-07-11,Saturday,Week 2,July,Q3,2026,Strategic Reserve,Strategic reading and research,Personal development,Reserved,Stakeholder Engagement,
2026-07-12,Sunday,Week 2,July,Q3,2026,Planning and Reflection,Week preparation,Goal alignment,Reserved,Stakeholder Engagement,
2026-07-13,Monday,Week 2,July,Q3,2026,Strategic Alignment,Week kickoff and priority setting,Board preparation,AM: Executive sync | PM: Strategic planning,Stakeholder Engagement,
2026-07-14,Tuesday,Week 2,July,Q3,2026,Operations,Department reviews and metrics,Operational metrics review,AM: Operations review | PM: Department heads,Stakeholder Engagement,
2026-07-15,Wednesday,Week 3,July,Q3,2026,Growth and Development,External engagement and partnerships,Innovation initiatives,AM: External meetings | PM: Partner calls,Strategic Initiatives,Mid-month checkpoint
2026-07-16,Thursday,Week 3,July,Q3,2026,People and Culture,Leadership development,Team assessments,AM: 1-on-1s | PM: Team development,Strategic Initiatives,
2026-07-17,Friday,Week 3,July,Q3,2026,Governance and Planning,Board matters and compliance,Week retrospective,AM: Governance | PM: Planning,Strategic Initiatives,
2026-07-18,Saturday,Week 3,July,Q3,2026,Strategic Reserve,Strategic reading and research,Personal development,Reserved,Strategic Initiatives,
2026-07-19,Sunday,Week 3,July,Q3,2026,Planning and Reflection,Week preparation,Goal alignment,Reserved,Strategic Initiatives,
2026-07-20,Monday,Week 3,July,Q3,2026,Strategic Alignment,Week kickoff and priority setting,Board preparation,AM: Executive sync | PM: Strategic planning,Strategic Initiatives,
2026-07-21,Tuesday,Week 3,July,Q3,2026,Operations,Department reviews and metrics,Operational metrics review,AM: Operations review | PM: Department heads,Strategic Initiatives,
2026-07-22,Wednesday,Week 4,July,Q3,2026,Growth and Development,External engagement and partnerships,Innovation initiatives,AM: External meetings | PM: Partner calls,Performance Review,
2026-07-23,Thursday,Week 4,July,Q3,2026,People and Culture,Leadership development,Team assessments,AM: 1-on-1s | PM: Team development,Performance Review,
2026-07-24,Friday,Week 4,July,Q3,2026,Governance and Planning,Board matters and compliance,Week retrospective,AM: Governance | PM: Planning,Performance Review,
2026-07-25,Saturday,Week 4,July,Q3,2026,Strategic Reserve,Strategic reading and research,Personal development,Reserved,Performance Review,
2026-07-26,Sunday,Week 4,July,Q3,2026,Planning and Reflection,Week preparation,Goal alignment,Reserved,Performance Review,
2026-07-27,Monday,Week 4,July,Q3,2026,Strategic Alignment,Week kickoff and priority setting,Board preparation,AM: Executive sync | PM: Strategic planning,Performance Review,
2026-07-28,Tuesday,Week 4,July,Q3,2026,Operations,Department reviews and metrics,Operational metrics review,AM: Operations review | PM: Department heads,Performance Review,
2026-07-29,Wednesday,Week 5,July,Q3,2026,Growth and Development,External engagement and partnerships,Innovation initiatives,AM: External meetings | PM: Partner calls,Month-end Consolidation,
2026-07-30,Thursday,Week 5,July,Q3,2026,People and Culture,Leadership development,Team assessments,AM: 1-on-1s | PM: Team development,Month-end Consolidation,
2026-07-31,Friday,Week 5,July,Q3,2026,Governance and Planning,Board matters and compliance,Week retrospective,AM: Governance | PM: Planning,Month-end Consolidation,
2026-08-01,Saturday,Week 1,August,Q3,2026,Strategic Reserve,Strategic reading and research,Personal development,Reserved,Planning and KPI Review,Month Start - Full metrics review
2026-08-02,Sunday,Week 1,August,Q3,2026,Planning and Reflection,Week preparation,Goal alignment,Reserved,Planning and KPI Review,
2026-08-03,Monday,Week 1,August,Q3,2026,Strategic Alignment,Week kickoff and priority setting,Board preparation,AM: Executive sync | PM: Strategic planning,Planning and KPI Review,
2026-08-04,Tuesday,Week 1,August,Q3,2026,Operations,Department reviews and metrics,Operational metrics review,AM: Operations review | PM: Department heads,Planning and KPI Review,
2026-08-05,Wednesday,Week 1,August,Q3,2026,Growth and Development,External engagement and partnerships,Innovation initiatives,AM: External meetings | PM: Partner calls,Planning and KPI Review,
2026-08-06,Thursday,Week 1,August,Q3,2026,People and Culture,Leadership development,Team assessments,AM: 1-on-1s | PM: Team development,Planning and KPI Review,
2026-08-07,Friday,Week 1,August,Q3,2026,Governance and Planning,Board matters and compliance,Week retrospective,AM: Governance | PM: Planning,Planning and KPI Review,
2026-08-08,Saturday,Week 2,August,Q3,2026,Strategic Reserve,Strategic reading and research,Personal development,Reserved,Stakeholder Engagement,
2026-08-09,Sunday,Week 2,August,Q3,2026,Planning and Reflection,Week preparation,Goal alignment,Reserved,Stakeholder Engagement,
2026-08-10,Monday,Week 2,August,Q3,2026,Strategic Alignment,Week kickoff and priority setting,Board preparation,AM: Executive sync | PM: Strategic planning,Stakeholder Engagement,
2026-08-11,Tuesday,Week 2,August,Q3,2026,Operations,Department reviews and metrics,Operational metrics review,AM: Operations review | PM: Department heads,Stakeholder Engagement,
2026-08-12,Wednesday,Week 2,August,Q3,2026,Growth and Development,External engagement and partnerships,Innovation initiatives,AM: External meetings | PM: Partner calls,Stakeholder Engagement,
2026-08-13,Thursday,Week 2,August,Q3,2026,People and Culture,Leadership development,Team assessments,AM: 1-on-1s | PM: Team development,Stakeholder Engagement,
2026-08-14,Friday,Week 2,August,Q3,2026,Governance and Planning,Board matters and compliance,Week retrospective,AM: Governance | PM: Planning,Stakeholder Engagement,
2026-08-15,Saturday,Week 3,August,Q3,2026,Strategic Reserve,Strategic reading and research,Personal development,Reserved,Strategic Initiatives,Mid-month checkpoint
2026-08-16,Sunday,Week 3,August,Q3,2026,Planning and Reflection,Week preparation,Goal alignment,Reserved,Strategic Initiatives,
2026-08-17,Monday,Week 3,August,Q3,2026,Strategic Alignment,Week kickoff and priority setting,Board preparation,AM: Executive sync | PM: Strategic planning,Strategic Initiatives,
2026-08-18,Tuesday,Week 3,August,Q3,2026,Operations,Department reviews and metrics,Operational metrics review,AM: Operations review | PM: Department heads,Strategic Initiatives,
2026-08-19,Wednesday,Week 3,August,Q3,2026,Growth and Development,External engagement and partnerships,Innovation initiatives,AM: External meetings | PM: Partner calls,Strategic Initiatives,
2026-08-20,Thursday,Week 3,August,Q3,2026,People and Culture,Leadership development,Team assessments,AM: 1-on-1s | PM: Team development,Strategic Initiatives,
2026-08-21,Friday,Week 3,August,Q3,2026,Governance and Planning,Board matters and compliance,Week retrospective,AM: Governance | PM: Planning,Strategic Initiatives,
2026-08-22,Saturday,Week 4,August,Q3,2026,Strategic Reserve,Strategic reading and research,Personal development,Reserved,Performance Review,
2026-08-23,Sunday,Week 4,August,Q3,2026,Planning and Reflection,Week preparation,Goal alignment,Reserved,Performance Review,
2026-08-24,Monday,Week 4,August,Q3,2026,Strategic Alignment,Week kickoff and priority setting,Board preparation,AM: Executive sync | PM: Strategic planning,Performance Review,
2026-08-25,Tuesday,Week 4,August,Q3,2026,Operations,Department reviews and metrics,Operational metrics review,AM: Operations review | PM: Department heads,Performance Review,
2026-08-26,Wednesday,Week 4,August,Q3,2026,Growth and Development,External engagement and partnerships,Innovation initiatives,AM: External meetings | PM: Partner calls,Performance Review,
2026-08-27,Thursday,Week 4,August,Q3,2026,People and Culture,Leadership development,Team assessments,AM: 1-on-1s | PM: Team development,Performance Review,
2026-08-28,Friday,Week 4,August,Q3,2026,Governance and Planning,Board matters and compliance,Week retrospective,AM: Governance | PM: Planning,Performance Review,
2026-08-29,Saturday,Week 5,August,Q3,2026,Strategic Reserve,Strategic reading and research,Personal development,Reserved,Month-end Consolidation,
2026-08-30,Sunday,Week 5,August,Q3,2026,Planning and Reflection,Week preparation,Goal alignment,Reserved,Month-end Consolidation,
2026-08-31,Monday,Week 5,August,Q3,2026,Strategic Alignment,Week kickoff and priority setting,Board preparation,AM: Executive sync | PM: Strategic planning,Month-end Consolidation,
2026-09-01,Tuesday,Week 1,September,Q3,2026,Operations,Department reviews and metrics,Operational metrics review,AM: Operations review | PM: Department heads,Planning and KPI Review,Month Start - Full metrics review
2026-09-02,Wednesday,Week 1,September,Q3,2026,Growth and Development,External engagement and partnerships,Innovation initiatives,AM: External meetings | PM: Partner calls,Planning and KPI Review,
2026-09-03,Thursday,Week 1,September,Q3,2026,People and Culture,Leadership development,Team assessments,AM: 1-on-1s | PM: Team development,Planning and KPI Review,
2026-09-04,Friday,Week 1,September,Q3,2026,Governance and Planning,Board matters and compliance,Week retrospective,AM: Governance | PM: Planning,Planning and KPI Review,
2026-09-05,Saturday,Week 1,September,Q3,2026,Strategic Reserve,Strategic reading and research,Personal development,Reserved,Planning and KPI Review,
2026-09-06,Sunday,Week 1,September,Q3,2026,Planning and Reflection,Week preparation,Goal alignment,Reserved,Planning and KPI Review,
2026-09-07,Monday,Week 1,September,Q3,2026,Strategic Alignment,Week kickoff and priority setting,Board preparation,AM: Executive sync | PM: Strategic planning,Planning and KPI Review,
2026-09-08,Tuesday,Week 2,September,Q3,2026,Operations,Department reviews and metrics,Operational metrics review,AM: Operations review | PM: Department heads,Stakeholder Engagement,
2026-09-09,Wednesday,Week 2,September,Q3,2026,Growth and Development,External engagement and partnerships,Innovation initiatives,AM: External meetings | PM: Partner calls,Stakeholder Engagement,
2026-09-10,Thursday,Week 2,September,Q3,2026,People and Culture,Leadership development,Team assessments,AM: 1-on-1s | PM: Team development,Stakeholder Engagement,
2026-09-11,Friday,Week 2,September,Q3,2026,Governance and Planning,Board matters and compliance,Week retrospective,AM: Governance | PM: Planning,Stakeholder Engagement,
2026-09-12,Saturday,Week 2,September,Q3,2026,Strategic Reserve,Strategic reading and research,Personal development,Reserved,Stakeholder Engagement,
2026-09-13,Sunday,Week 2,September,Q3,2026,Planning and Reflection,Week preparation,Goal alignment,Reserved,Stakeholder Engagement,
2026-09-14,Monday,Week 2,September,Q3,2026,Strategic Alignment,Week kickoff and priority setting,Board preparation,AM: Executive sync | PM: Strategic planning,Stakeholder Engagement,
2026-09-15,Tuesday,Week 3,September,Q3,2026,Operations,Department reviews and metrics,Operational metrics review,AM: Operations review | PM: Department heads,Strategic Initiatives,Mid-month checkpoint
2026-09-16,Wednesday,Week 3,September,Q3,2026,Growth and Development,External engagement and partnerships,Innovation initiatives,AM: External meetings | PM: Partner calls,Strategic Initiatives,
2026-09-17,Thursday,Week 3,September,Q3,2026,People and Culture,Leadership development,Team assessments,AM: 1-on-1s | PM: Team development,Strategic Initiatives,
2026-09-18,Friday,Week 3,September,Q3,2026,Governance and Planning,Board matters and compliance,Week retrospective,AM: Governance | PM: Planning,Strategic Initiatives,
2026-09-19,Saturday,Week 3,September,Q3,2026,Strategic Reserve,Strategic reading and research,Personal development,Reserved,Strategic Initiatives,
2026-09-20,Sunday,Week 3,September,Q3,2026,Planning and Reflection,Week preparation,Goal alignment,Reserved,Strategic Initiatives,
2026-09-21,Monday,Week 3,September,Q3,2026,Strategic Alignment,Week kickoff and priority setting,Board preparation,AM: Executive sync | PM: Strategic planning,Strategic Initiatives,
2026-09-22,Tuesday,Week 4,September,Q3,2026,Operations,Department reviews and metrics,Operational metrics review,AM: Operations review | PM: Department heads,Performance Review,
2026-09-23,Wednesday,Week 4,September,Q3,2026,Growth and Development,External engagement and partnerships,Innovation initiatives,AM: External meetings | PM: Partner calls,Performance Review,
2026-09-24,Thursday,Week 4,September,Q3,2026,People and Culture,Leadership development,Team assessments,AM: 1-on-1s | PM: Team development,Performance Review,
2026-09-25,Friday,Week 4,September,Q3,2026,Governance and Planning,Board matters and compliance,Week retrospective,AM: Governance | PM: Planning,Performance Review,
2026-09-26,Saturday,Week 4,September,Q3,2026,Strategic Reserve,Strategic reading and research,Personal development,Reserved,Performance Review,
2026-09-27,Sunday,Week 4,September,Q3,2026,Planning and Reflection,Week preparation,Goal alignment,Reserved,Performance Review,
2026-09-28,Monday,Week 4,September,Q3,2026,Strategic Alignment,Week kickoff and priority setting,Board preparation,AM: Executive sync | PM: Strategic planning,Performance Review,
2026-09-29,Tuesday,Week 5,September,Q3,2026,Operations,Department reviews and metrics,Operational metrics review,AM: Operations review | PM: Department heads,Month-end Consolidation,
2026-09-30,Wednesday,Week 5,September,Q3,2026,Growth and Development,External engagement and partnerships,Innovation initiatives,AM: External meetings | PM: Partner calls,Month-end Consolidation,
2026-10-01,Thursday,Week 1,October,Q4,2026,People and Culture,Leadership development,Team assessments,AM: 1-on-1s | PM: Team development,Planning and KPI Review,Quarter Start - QBR preparation
2026-10-02,Friday,Week 1,October,Q4,2026,Governance and Planning,Board matters and compliance,Week retrospective,AM: Governance | PM: Planning,Planning and KPI Review,
2026-10-03,Saturday,Week 1,October,Q4,2026,Strategic Reserve,Strategic reading and research,Personal development,Reserved,Planning and KPI Review,
2026-10-04,Sunday,Week 1,October,Q4,2026,Planning and Reflection,Week preparation,Goal alignment,Reserved,Planning and KPI Review,
2026-10-05,Monday,Week 1,October,Q4,2026,Strategic Alignment,Week kickoff and priority setting,Board preparation,AM: Executive sync | PM: Strategic planning,Planning and KPI Review,
2026-10-06,Tuesday,Week 1,October,Q4,2026,Operations,Department reviews and metrics,Operational metrics review,AM: Operations review | PM: Department heads,Planning and KPI Review,
2026-10-07,Wednesday,Week 1,October,Q4,2026,Growth and Development,External engagement and partnerships,Innovation initiatives,AM: External meetings | PM: Partner calls,Planning and KPI Review,
2026-10-08,Thursday,Week 2,October,Q4,2026,People and Culture,Leadership development,Team assessments,AM: 1-on-1s | PM: Team development,Stakeholder Engagement,
2026-10-09,Friday,Week 2,October,Q4,2026,Governance and Planning,Board matters and compliance,Week retrospective,AM: Governance | PM: Planning,Stakeholder Engagement,
2026-10-10,Saturday,Week 2,October,Q4,2026,Strategic Reserve,Strategic reading and research,Personal development,Reserved,Stakeholder Engagement,
2026-10-11,Sunday,Week 2,October,Q4,2026,Planning and Reflection,Week preparation,Goal alignment,Reserved,Stakeholder Engagement,
2026-10-12,Monday,Week 2,October,Q4,2026,Strategic Alignment,Week kickoff and priority setting,Board preparation,AM: Executive sync | PM: Strategic planning,Stakeholder Engagement,
2026-10-13,Tuesday,Week 2,October,Q4,2026,Operations,Department reviews and metrics,Operational metrics review,AM: Operations review | PM: Department heads,Stakeholder Engagement,
2026-10-14,Wednesday,Week 2,October,Q4,2026,Growth and Development,External engagement and partnerships,Innovation initiatives,AM: External meetings | PM: Partner calls,Stakeholder Engagement,
2026-10-15,Thursday,Week 3,October,Q4,2026,People and Culture,Leadership development,Team assessments,AM: 1-on-1s | PM: Team development,Strategic Initiatives,Mid-month checkpoint
2026-10-16,Friday,Week 3,October,Q4,2026,Governance and Planning,Board matters and compliance,Week retrospective,AM: Governance | PM: Planning,Strategic Initiatives,
2026-10-17,Saturday,Week 3,October,Q4,2026,Strategic Reserve,Strategic reading and research,Personal development,Reserved,Strategic Initiatives,
2026-10-18,Sunday,Week 3,October,Q4,2026,Planning and Reflection,Week preparation,Goal alignment,Reserved,Strategic Initiatives,
2026-10-19,Monday,Week 3,October,Q4,2026,Strategic Alignment,Week kickoff and priority setting,Board preparation,AM: Executive sync | PM: Strategic planning,Strategic Initiatives,
2026-10-20,Tuesday,Week 3,October,Q4,2026,Operations,Department reviews and metrics,Operational metrics review,AM: Operations review | PM: Department heads,Strategic Initiatives,
2026-10-21,Wednesday,Week 3,October,Q4,2026,Growth and Development,External engagement and partnerships,Innovation initiatives,AM: External meetings | PM: Partner calls,Strategic Initiatives,
2026-10-22,Thursday,Week 4,October,Q4,2026,People and Culture,Leadership development,Team assessments,AM: 1-on-1s | PM: Team development,Performance Review,
2026-10-23,Friday,Week 4,October,Q4,2026,Governance and Planning,Board matters and compliance,Week retrospective,AM: Governance | PM: Planning,Performance Review,
2026-10-24,Saturday,Week 4,October,Q4,2026,Strategic Reserve,Strategic reading and research,Personal development,Reserved,Performance Review,
2026-10-25,Sunday,Week 4,October,Q4,2026,Planning and Reflection,Week preparation,Goal alignment,Reserved,Performance Review,
2026-10-26,Monday,Week 4,October,Q4,2026,Strategic Alignment,Week kickoff and priority setting,Board preparation,AM: Executive sync | PM: Strategic planning,Performance Review,
2026-10-27,Tuesday,Week 4,October,Q4,2026,Operations,Department reviews and metrics,Operational metrics review,AM: Operations review | PM: Department heads,Performance Review,
2026-10-28,Wednesday,Week 4,October,Q4,2026,Growth and Development,External engagement and partnerships,Innovation initiatives,AM: External meetings | PM: Partner calls,Performance Review,
2026-10-29,Thursday,Week 5,October,Q4,2026,People and Culture,Leadership development,Team assessments,AM: 1-on-1s | PM: Team development,Month-end Consolidation,
2026-10-30,Friday,Week 5,October,Q4,2026,Governance and Planning,Board matters and compliance,Week retrospective,AM: Governance | PM: Planning,Month-end Consolidation,
2026-10-31,Saturday,Week 5,October,Q4,2026,Strategic Reserve,Strategic reading and research,Personal development,Reserved,Month-end Consolidation,
2026-11-01,Sunday,Week 1,November,Q4,2026,Planning and Reflection,Week preparation,Goal alignment,Reserved,Planning and KPI Review,Month Start - Full metrics review
2026-11-02,Monday,Week 1,November,Q4,2026,Strategic Alignment,Week kickoff and priority setting,Board preparation,AM: Executive sync | PM: Strategic planning,Planning and KPI Review,
2026-11-03,Tuesday,Week 1,November,Q4,2026,Operations,Department reviews and metrics,Operational metrics review,AM: Operations review | PM: Department heads,Planning and KPI Review,
2026-11-04,Wednesday,Week 1,November,Q4,2026,Growth and Development,External engagement and partnerships,Innovation initiatives,AM: External meetings | PM: Partner calls,Planning and KPI Review,
2026-11-05,Thursday,Week 1,November,Q4,2026,People and Culture,Leadership development,Team assessments,AM: 1-on-1s | PM: Team development,Planning and KPI Review,
2026-11-06,Friday,Week 1,November,Q4,2026,Governance and Planning,Board matters and compliance,Week retrospective,AM: Governance | PM: Planning,Planning and KPI Review,
2026-11-07,Saturday,Week 1,November,Q4,2026,Strategic Reserve,Strategic reading and research,Personal development,Reserved,Planning and KPI Review,
2026-11-08,Sunday,Week 2,November,Q4,2026,Planning and Reflection,Week preparation,Goal alignment,Reserved,Stakeholder Engagement,
2026-11-09,Monday,Week 2,November,Q4,2026,Strategic Alignment,Week kickoff and priority setting,Board preparation,AM: Executive sync | PM: Strategic planning,Stakeholder Engagement,
2026-11-10,Tuesday,Week 2,November,Q4,2026,Operations,Department reviews and metrics,Operational metrics review,AM: Operations review | PM: Department heads,Stakeholder Engagement,
2026-11-11,Wednesday,Week 2,November,Q4,2026,Growth and Development,External engagement and partnerships,Innovation initiatives,AM: External meetings | PM: Partner calls,Stakeholder Engagement,
2026-11-12,Thursday,Week 2,November,Q4,2026,People and Culture,Leadership development,Team assessments,AM: 1-on-1s | PM: Team development,Stakeholder Engagement,
2026-11-13,Friday,Week 2,November,Q4,2026,Governance and Planning,Board matters and compliance,Week retrospective,AM: Governance | PM: Planning,Stakeholder Engagement,
2026-11-14,Saturday,Week 2,November,Q4,2026,Strategic Reserve,Strategic reading and research,Personal development,Reserved,Stakeholder Engagement,
2026-11-15,Sunday,Week 3,November,Q4,2026,Planning and Reflection,Week preparation,Goal alignment,Reserved,Strategic Initiatives,Mid-month checkpoint
2026-11-16,Monday,Week 3,November,Q4,2026,Strategic Alignment,Week kickoff and priority setting,Board preparation,AM: Executive sync | PM: Strategic planning,Strategic Initiatives,
2026-11-17,Tuesday,Week 3,November,Q4,2026,Operations,Department reviews and metrics,Operational metrics review,AM: Operations review | PM: Department heads,Strategic Initiatives,
2026-11-18,Wednesday,Week 3,November,Q4,2026,Growth and Development,External engagement and partnerships,Innovation initiatives,AM: External meetings | PM: Partner calls,Strategic Initiatives,
2026-11-19,Thursday,Week 3,November,Q4,2026,People and Culture,Leadership development,Team assessments,AM: 1-on-1s | PM: Team development,Strategic Initiatives,
2026-11-20,Friday,Week 3,November,Q4,2026,Governance and Planning,Board matters and compliance,Week retrospective,AM: Governance | PM: Planning,Strategic Initiatives,
2026-11-21,Saturday,Week 3,November,Q4,2026,Strategic Reserve,Strategic reading and research,Personal development,Reserved,Strategic Initiatives,
2026-11-22,Sunday,Week 4,November,Q4,2026,Planning and Reflection,Week preparation,Goal alignment,Reserved,Performance Review,
2026-11-23,Monday,Week 4,November,Q4,2026,Strategic Alignment,Week kickoff and priority setting,Board preparation,AM: Executive sync | PM: Strategic planning,Performance Review,
2026-11-24,Tuesday,Week 4,November,Q4,2026,Operations,Department reviews and metrics,Operational metrics review,AM: Operations review | PM: Department heads,Performance Review,
2026-11-25,Wednesday,Week 4,November,Q4,2026,Growth and Development,External engagement and partnerships,Innovation initiatives,AM: External meetings | PM: Partner calls,Performance Review,
2026-11-26,Thursday,Week 4,November,Q4,2026,People and Culture,Leadership development,Team assessments,AM: 1-on-1s | PM: Team development,Performance Review,
2026-11-27,Friday,Week 4,November,Q4,2026,Governance and Planning,Board matters and compliance,Week retrospective,AM: Governance | PM: Planning,Performance Review,
2026-11-28,Saturday,Week 4,November,Q4,2026,Strategic Reserve,Strategic reading and research,Personal development,Reserved,Performance Review,
2026-11-29,Sunday,Week 5,November,Q4,2026,Planning and Reflection,Week preparation,Goal alignment,Reserved,Month-end Consolidation,
2026-11-30,Monday,Week 5,November,Q4,2026,Strategic Alignment,Week kickoff and priority setting,Board preparation,AM: Executive sync | PM: Strategic planning,Month-end Consolidation,
2026-12-01,Tuesday,Week 1,December,Q4,2026,Operations,Department reviews and metrics,Operational metrics review,AM: Operations review | PM: Department heads,Planning and KPI Review,Month Start - Full metrics review
2026-12-02,Wednesday,Week 1,December,Q4,2026,Growth and Development,External engagement and partnerships,Innovation initiatives,AM: External meetings | PM: Partner calls,Planning and KPI Review,
2026-12-03,Thursday,Week 1,December,Q4,2026,People and Culture,Leadership development,Team assessments,AM: 1-on-1s | PM: Team development,Planning and KPI Review,
2026-12-04,Friday,Week 1,December,Q4,2026,Governance and Planning,Board matters and compliance,Week retrospective,AM: Governance | PM: Planning,Planning and KPI Review,
2026-12-05,Saturday,Week 1,December,Q4,2026,Strategic Reserve,Strategic reading and research,Personal development,Reserved,Planning and KPI Review,
2026-12-06,Sunday,Week 1,December,Q4,2026,Planning and Reflection,Week preparation,Goal alignment,Reserved,Planning and KPI Review,
2026-12-07,Monday,Week 1,December,Q4,2026,Strategic Alignment,Week kickoff and priority setting,Board preparation,AM: Executive sync | PM: Strategic planning,Planning and KPI Review,
2026-12-08,Tuesday,Week 2,December,Q4,2026,Operations,Department reviews and metrics,Operational metrics review,AM: Operations review | PM: Department heads,Stakeholder Engagement,
2026-12-09,Wednesday,Week 2,December,Q4,2026,Growth and Development,External engagement and partnerships,Innovation initiatives,AM: External meetings | PM: Partner calls,Stakeholder Engagement,
2026-12-10,Thursday,Week 2,December,Q4,2026,People and Culture,Leadership development,Team assessments,AM: 1-on-1s | PM: Team development,Stakeholder Engagement,
2026-12-11,Friday,Week 2,December,Q4,2026,Governance and Planning,Board matters and compliance,Week retrospective,AM: Governance | PM: Planning,Stakeholder Engagement,
2026-12-12,Saturday,Week 2,December,Q4,2026,Strategic Reserve,Strategic reading and research,Personal development,Reserved,Stakeholder Engagement,
2026-12-13,Sunday,Week 2,December,Q4,2026,Planning and Reflection,Week preparation,Goal alignment,Reserved,Stakeholder Engagement,
2026-12-14,Monday,Week 2,December,Q4,2026,Strategic Alignment,Week kickoff and priority setting,Board preparation,AM: Executive sync | PM: Strategic planning,Stakeholder Engagement,
2026-12-15,Tuesday,Week 3,December,Q4,2026,Operations,Department reviews and metrics,Operational metrics review,AM: Operations review | PM: Department heads,Strategic Initiatives,Mid-month checkpoint
2026-12-16,Wednesday,Week 3,December,Q4,2026,Growth and Development,External engagement and partnerships,Innovation initiatives,AM: External meetings | PM: Partner calls,Strategic Initiatives,
2026-12-17,Thursday,Week 3,December,Q4,2026,People and Culture,Leadership development,Team assessments,AM: 1-on-1s | PM: Team development,Strategic Initiatives,
2026-12-18,Friday,Week 3,December,Q4,2026,Governance and Planning,Board matters and compliance,Week retrospective,AM: Governance | PM: Planning,Strategic Initiatives,
2026-12-19,Saturday,Week 3,December,Q4,2026,Strategic Reserve,Strategic reading and research,Personal development,Reserved,Strategic Initiatives,
2026-12-20,Sunday,Week 3,December,Q4,2026,Planning and Reflection,Week preparation,Goal alignment,Reserved,Strategic Initiatives,
2026-12-21,Monday,Week 3,December,Q4,2026,Strategic Alignment,Week kickoff and priority setting,Board preparation,AM: Executive sync | PM: Strategic planning,Strategic Initiatives,
2026-12-22,Tuesday,Week 4,December,Q4,2026,Operations,Department reviews and metrics,Operational metrics review,AM: Operations review | PM: Department heads,Performance Review,
2026-12-23,Wednesday,Week 4,December,Q4,2026,Growth and Development,External engagement and partnerships,Innovation initiatives,AM: External meetings | PM: Partner calls,Performance Review,
2026-12-24,Thursday,Week 4,December,Q4,2026,People and Culture,Leadership development,Team assessments,AM: 1-on-1s | PM: Team development,Performance Review,
2026-12-25,Friday,Week 4,December,Q4,2026,Governance and Planning,Board matters and compliance,Week retrospective,AM: Governance | PM: Planning,Performance Review,
2026-12-26,Saturday,Week 4,December,Q4,2026,Strategic Reserve,Strategic reading and research,Personal development,Reserved,Performance Review,
2026-12-27,Sunday,Week 4,December,Q4,2026,Planning and Reflection,Week preparation,Goal alignment,Reserved,Performance Review,
2026-12-28,Monday,Week 4,December,Q4,2026,Strategic Alignment,Week kickoff and priority setting,Board preparation,AM: Executive sync | PM: Strategic planning,Performance Review,
2026-12-29,Tuesday,Week 5,December,Q4,2026,Operations,Department reviews and metrics,Operational metrics review,AM: Operations review | PM: Department heads,Month-end Consolidation,
2026-12-30,Wednesday,Week 5,December,Q4,2026,Growth and Development,External engagement and partnerships,Innovation initiatives,AM: External meetings | PM: Partner calls,Month-end Consolidation,
2026-12-31,Thursday,Week 5,December,Q4,2026,People and Culture,Leadership development,Team assessments,AM: 1-on-1s | PM: Team development,Month-end Consolidation,Year End - Annual retrospective
2027-01-01,Friday,Week 1,January,Q1,2027,Governance and Planning,Board matters and compliance,Week retrospective,AM: Governance | PM: Planning,Planning and KPI Review,Quarter Start - QBR preparation
2027-01-02,Saturday,Week 1,January,Q1,2027,Strategic Reserve,Strategic reading and research,Personal development,Reserved,Planning and KPI Review,
2027-01-03,Sunday,Week 1,January,Q1,2027,Planning and Reflection,Week preparation,Goal alignment,Reserved,Planning and KPI Review,
2027-01-04,Monday,Week 1,January,Q1,2027,Strategic Alignment,Week kickoff and priority setting,Board preparation,AM: Executive sync | PM: Strategic planning,Planning and KPI Review,
2027-01-05,Tuesday,Week 1,January,Q1,2027,Operations,Department reviews and metrics,Operational metrics review,AM: Operations review | PM: Department heads,Planning and KPI Review,
2027-01-06,Wednesday,Week 1,January,Q1,2027,Growth and Development,External engagement and partnerships,Innovation initiatives,AM: External meetings | PM: Partner calls,Planning and KPI Review,
2027-01-07,Thursday,Week 1,January,Q1,2027,People and Culture,Leadership development,Team assessments,AM: 1-on-1s | PM: Team development,Planning and KPI Review,
2027-01-08,Friday,Week 2,January,Q1,2027,Governance and Planning,Board matters and compliance,Week retrospective,AM: Governance | PM: Planning,Stakeholder Engagement,
2027-01-09,Saturday,Week 2,January,Q1,2027,Strategic Reserve,Strategic reading and research,Personal development,Reserved,Stakeholder Engagement,
2027-01-10,Sunday,Week 2,January,Q1,2027,Planning and Reflection,Week preparation,Goal alignment,Reserved,Stakeholder Engagement,
2027-01-11,Monday,Week 2,January,Q1,2027,Strategic Alignment,Week kickoff and priority setting,Board preparation,AM: Executive sync | PM: Strategic planning,Stakeholder Engagement,
2027-01-12,Tuesday,Week 2,January,Q1,2027,Operations,Department reviews and metrics,Operational metrics review,AM: Operations review | PM: Department heads,Stakeholder Engagement,
2027-01-13,Wednesday,Week 2,January,Q1,2027,Growth and Development,External engagement and partnerships,Innovation initiatives,AM: External meetings | PM: Partner calls,Stakeholder Engagement,
2027-01-14,Thursday,Week 2,January,Q1,2027,People and Culture,Leadership development,Team assessments,AM: 1-on-1s | PM: Team development,Stakeholder Engagement,
2027-01-15,Friday,Week 3,January,Q1,2027,Governance and Planning,Board matters and compliance,Week retrospective,AM: Governance | PM: Planning,Strategic Initiatives,Mid-month checkpoint
2027-01-16,Saturday,Week 3,January,Q1,2027,Strategic Reserve,Strategic reading and research,Personal development,Reserved,Strategic Initiatives,
2027-01-17,Sunday,Week 3,January,Q1,2027,Planning and Reflection,Week preparation,Goal alignment,Reserved,Strategic Initiatives,
2027-01-18,Monday,Week 3,January,Q1,2027,Strategic Alignment,Week kickoff and priority setting,Board preparation,AM: Executive sync | PM: Strategic planning,Strategic Initiatives,
2027-01-19,Tuesday,Week 3,January,Q1,2027,Operations,Department reviews and metrics,Operational metrics review,AM: Operations review | PM: Department heads,Strategic Initiatives,
2027-01-20,Wednesday,Week 3,January,Q1,2027,Growth and Development,External engagement and partnerships,Innovation initiatives,AM: External meetings | PM: Partner calls,Strategic Initiatives,
2027-01-21,Thursday,Week 3,January,Q1,2027,People and Culture,Leadership development,Team assessments,AM: 1-on-1s | PM: Team development,Strategic Initiatives,
2027-01-22,Friday,Week 4,January,Q1,2027,Governance and Planning,Board matters and compliance,Week retrospective,AM: Governance | PM: Planning,Performance Review,
2027-01-23,Saturday,Week 4,January,Q1,2027,Strategic Reserve,Strategic reading and research,Personal development,Reserved,Performance Review,
2027-01-24,Sunday,Week 4,January,Q1,2027,Planning and Reflection,Week preparation,Goal alignment,Reserved,Performance Review,
2027-01-25,Monday,Week 4,January,Q1,2027,Strategic Alignment,Week kickoff and priority setting,Board preparation,AM: Executive sync | PM: Strategic planning,Performance Review,
2027-01-26,Tuesday,Week 4,January,Q1,2027,Operations,Department reviews and metrics,Operational metrics review,AM: Operations review | PM: Department heads,Performance Review,
2027-01-27,Wednesday,Week 4,January,Q1,2027,Growth and Development,External engagement and partnerships,Innovation initiatives,AM: External meetings | PM: Partner calls,Performance Review,
2027-01-28,Thursday,Week 4,January,Q1,2027,People and Culture,Leadership development,Team assessments,AM: 1-on-1s | PM: Team development,Performance Review,
2027-01-29,Friday,Week 5,January,Q1,2027,Governance and Planning,Board matters and compliance,Week retrospective,AM: Governance | PM: Planning,Month-end Consolidation,
2027-01-30,Saturday,Week 5,January,Q1,2027,Strategic Reserve,Strategic reading and research,Personal development,Reserved,Month-end Consolidation,
2027-01-31,Sunday,Week 5,January,Q1,2027,Planning and Reflection,Week preparation,Goal alignment,Reserved,Month-end Consolidation,
2027-02-01,Monday,Week 1,February,Q1,2027,Strategic Alignment,Week kickoff and priority setting,Board preparation,AM: Executive sync | PM: Strategic planning,Planning and KPI Review,Month Start - Full metrics review
2027-02-02,Tuesday,Week 1,February,Q1,2027,Operations,Department reviews and metrics,Operational metrics review,AM: Operations review | PM: Department heads,Planning and KPI Review,
2027-02-03,Wednesday,Week 1,February,Q1,2027,Growth and Development,External engagement and partnerships,Innovation initiatives,AM: External meetings | PM: Partner calls,Planning and KPI Review,
2027-02-04,Thursday,Week 1,February,Q1,2027,People and Culture,Leadership development,Team assessments,AM: 1-on-1s | PM: Team development,Planning and KPI Review,
2027-02-05,Friday,Week 1,February,Q1,2027,Governance and Planning,Board matters and compliance,Week retrospective,AM: Governance | PM: Planning,Planning and KPI Review,
2027-02-06,Saturday,Week 1,February,Q1,2027,Strategic Reserve,Strategic reading and research,Personal development,Reserved,Planning and KPI Review,
2027-02-07,Sunday,Week 1,February,Q1,2027,Planning and Reflection,Week preparation,Goal alignment,Reserved,Planning and KPI Review,
2027-02-08,Monday,Week 2,February,Q1,2027,Strategic Alignment,Week kickoff and priority setting,Board preparation,AM: Executive sync | PM: Strategic planning,Stakeholder Engagement,
2027-02-09,Tuesday,Week 2,February,Q1,2027,Operations,Department reviews and metrics,Operational metrics review,AM: Operations review | PM: Department heads,Stakeholder Engagement,
2027-02-10,Wednesday,Week 2,February,Q1,2027,Growth and Development,External engagement and partnerships,Innovation initiatives,AM: External meetings | PM: Partner calls,Stakeholder Engagement,
2027-02-11,Thursday,Week 2,February,Q1,2027,People and Culture,Leadership development,Team assessments,AM: 1-on-1s | PM: Team development,Stakeholder Engagement,
2027-02-12,Friday,Week 2,February,Q1,2027,Governance and Planning,Board matters and compliance,Week retrospective,AM: Governance | PM: Planning,Stakeholder Engagement,
2027-02-13,Saturday,Week 2,February,Q1,2027,Strategic Reserve,Strategic reading and research,Personal development,Reserved,Stakeholder Engagement,
2027-02-14,Sunday,Week 2,February,Q1,2027,Planning and Reflection,Week preparation,Goal alignment,Reserved,Stakeholder Engagement,
2027-02-15,Monday,Week 3,February,Q1,2027,Strategic Alignment,Week kickoff and priority setting,Board preparation,AM: Executive sync | PM: Strategic planning,Strategic Initiatives,Mid-month checkpoint
2027-02-16,Tuesday,Week 3,February,Q1,2027,Operations,Department reviews and metrics,Operational metrics review,AM: Operations review | PM: Department heads,Strategic Initiatives,
2027-02-17,Wednesday,Week 3,February,Q1,2027,Growth and Development,External engagement and partnerships,Innovation initiatives,AM: External meetings | PM: Partner calls,Strategic Initiatives,
2027-02-18,Thursday,Week 3,February,Q1,2027,People and Culture,Leadership development,Team assessments,AM: 1-on-1s | PM: Team development,Strategic Initiatives,
2027-02-19,Friday,Week 3,February,Q1,2027,Governance and Planning,Board matters and compliance,Week retrospective,AM: Governance | PM: Planning,Strategic Initiatives,
2027-02-20,Saturday,Week 3,February,Q1,2027,Strategic Reserve,Strategic reading and research,Personal development,Reserved,Strategic Initiatives,
2027-02-21,Sunday,Week 3,February,Q1,2027,Planning and Reflection,Week preparation,Goal alignment,Reserved,Strategic Initiatives,
2027-02-22,Monday,Week 4,February,Q1,2027,Strategic Alignment,Week kickoff and priority setting,Board preparation,AM: Executive sync | PM: Strategic planning,Performance Review,
2027-02-23,Tuesday,Week 4,February,Q1,2027,Operations,Department reviews and metrics,Operational metrics review,AM: Operations review | PM: Department heads,Performance Review,
2027-02-24,Wednesday,Week 4,February,Q1,2027,Growth and Development,External engagement and partnerships,Innovation initiatives,AM: External meetings | PM: Partner calls,Performance Review,
2027-02-25,Thursday,Week 4,February,Q1,2027,People and Culture,Leadership development,Team assessments,AM: 1-on-1s | PM: Team development,Performance Review,
2027-02-26,Friday,Week 4,February,Q1,2027,Governance and Planning,Board matters and compliance,Week retrospective,AM: Governance | PM: Planning,Performance Review,
2027-02-27,Saturday,Week 4,February,Q1,2027,Strategic Reserve,Strategic reading and research,Personal development,Reserved,Performance Review,
2027-02-28,Sunday,Week 4,February,Q1,2027,Planning and Reflection,Week preparation,Goal alignment,Reserved,Performance Review,
2027-03-01,Monday,Week 1,March,Q1,2027,Strategic Alignment,Week kickoff and priority setting,Board preparation,AM: Executive sync | PM: Strategic planning,Planning and KPI Review,Month Start - Full metrics review
2027-03-02,Tuesday,Week 1,March,Q1,2027,Operations,Department reviews and metrics,Operational metrics review,AM: Operations review | PM: Department heads,Planning and KPI Review,
2027-03-03,Wednesday,Week 1,March,Q1,2027,Growth and Development,External engagement and partnerships,Innovation initiatives,AM: External meetings | PM: Partner calls,Planning and KPI Review,
2027-03-04,Thursday,Week 1,March,Q1,2027,People and Culture,Leadership development,Team assessments,AM: 1-on-1s | PM: Team development,Planning and KPI Review,
2027-03-05,Friday,Week 1,March,Q1,2027,Governance and Planning,Board matters and compliance,Week retrospective,AM: Governance | PM: Planning,Planning and KPI Review,
2027-03-06,Saturday,Week 1,March,Q1,2027,Strategic Reserve,Strategic reading and research,Personal development,Reserved,Planning and KPI Review,
2027-03-07,Sunday,Week 1,March,Q1,2027,Planning and Reflection,Week preparation,Goal alignment,Reserved,Planning and KPI Review,
2027-03-08,Monday,Week 2,March,Q1,2027,Strategic Alignment,Week kickoff and priority setting,Board preparation,AM: Executive sync | PM: Strategic planning,Stakeholder Engagement,
2027-03-09,Tuesday,Week 2,March,Q1,2027,Operations,Department reviews and metrics,Operational metrics review,AM: Operations review | PM: Department heads,Stakeholder Engagement,
2027-03-10,Wednesday,Week 2,March,Q1,2027,Growth and Development,External engagement and partnerships,Innovation initiatives,AM: External meetings | PM: Partner calls,Stakeholder Engagement,
2027-03-11,Thursday,Week 2,March,Q1,2027,People and Culture,Leadership development,Team assessments,AM: 1-on-1s | PM: Team development,Stakeholder Engagement,
2027-03-12,Friday,Week 2,March,Q1,2027,Governance and Planning,Board matters and compliance,Week retrospective,AM: Governance | PM: Planning,Stakeholder Engagement,
2027-03-13,Saturday,Week 2,March,Q1,2027,Strategic Reserve,Strategic reading and research,Personal development,Reserved,Stakeholder Engagement,
2027-03-14,Sunday,Week 2,March,Q1,2027,Planning and Reflection,Week preparation,Goal alignment,Reserved,Stakeholder Engagement,
2027-03-15,Monday,Week 3,March,Q1,2027,Strategic Alignment,Week kickoff and priority setting,Board preparation,AM: Executive sync | PM: Strategic planning,Strategic Initiatives,Mid-month checkpoint
2027-03-16,Tuesday,Week 3,March,Q1,2027,Operations,Department reviews and metrics,Operational metrics review,AM: Operations review | PM: Department heads,Strategic Initiatives,
2027-03-17,Wednesday,Week 3,March,Q1,2027,Growth and Development,External engagement and partnerships,Innovation initiatives,AM: External meetings | PM: Partner calls,Strategic Initiatives,
2027-03-18,Thursday,Week 3,March,Q1,2027,People and Culture,Leadership development,Team assessments,AM: 1-on-1s | PM: Team development,Strategic Initiatives,
2027-03-19,Friday,Week 3,March,Q1,2027,Governance and Planning,Board matters and compliance,Week retrospective,AM: Governance | PM: Planning,Strategic Initiatives,
2027-03-20,Saturday,Week 3,March,Q1,2027,Strategic Reserve,Strategic reading and research,Personal development,Reserved,Strategic Initiatives,
2027-03-21,Sunday,Week 3,March,Q1,2027,Planning and Reflection,Week preparation,Goal alignment,Reserved,Strategic Initiatives,
2027-03-22,Monday,Week 4,March,Q1,2027,Strategic Alignment,Week kickoff and priority setting,Board preparation,AM: Executive sync | PM: Strategic planning,Performance Review,
2027-03-23,Tuesday,Week 4,March,Q1,2027,Operations,Department reviews and metrics,Operational metrics review,AM: Operations review | PM: Department heads,Performance Review,
2027-03-24,Wednesday,Week 4,March,Q1,2027,Growth and Development,External engagement and partnerships,Innovation initiatives,AM: External meetings | PM: Partner calls,Performance Review,
2027-03-25,Thursday,Week 4,March,Q1,2027,People and Culture,Leadership development,Team assessments,AM: 1-on-1s | PM: Team development,Performance Review,
2027-03-26,Friday,Week 4,March,Q1,2027,Governance and Planning,Board matters and compliance,Week retrospective,AM: Governance | PM: Planning,Performance Review,
2027-03-27,Saturday,Week 4,March,Q1,2027,Strategic Reserve,Strategic reading and research,Personal development,Reserved,Performance Review,
2027-03-28,Sunday,Week 4,March,Q1,2027,Planning and Reflection,Week preparation,Goal alignment,Reserved,Performance Review,
2027-03-29,Monday,Week 5,March,Q1,2027,Strategic Alignment,Week kickoff and priority setting,Board preparation,AM: Executive sync | PM: Strategic planning,Month-end Consolidation,
2027-03-30,Tuesday,Week 5,March,Q1,2027,Operations,Department reviews and metrics,Operational metrics review,AM: Operations review | PM: Department heads,Month-end Consolidation,
2027-03-31,Wednesday,Week 5,March,Q1,2027,Growth and Development,External engagement and partnerships,Innovation initiatives,AM: External meetings | PM: Partner calls,Month-end Consolidation,
2027-04-01,Thursday,Week 1,April,Q2,2027,People and Culture,Leadership development,Team assessments,AM: 1-on-1s | PM: Team development,Planning and KPI Review,Quarter Start - QBR preparation
2027-04-02,Friday,Week 1,April,Q2,2027,Governance and Planning,Board matters and compliance,Week retrospective,AM: Governance | PM: Planning,Planning and KPI Review,
2027-04-03,Saturday,Week 1,April,Q2,2027,Strategic Reserve,Strategic reading and research,Personal development,Reserved,Planning and KPI Review,
2027-04-04,Sunday,Week 1,April,Q2,2027,Planning and Reflection,Week preparation,Goal alignment,Reserved,Planning and KPI Review,
2027-04-05,Monday,Week 1,April,Q2,2027,Strategic Alignment,Week kickoff and priority setting,Board preparation,AM: Executive sync | PM: Strategic planning,Planning and KPI Review,
2027-04-06,Tuesday,Week 1,April,Q2,2027,Operations,Department reviews and metrics,Operational metrics review,AM: Operations review | PM: Department heads,Planning and KPI Review,
2027-04-07,Wednesday,Week 1,April,Q2,2027,Growth and Development,External engagement and partnerships,Innovation initiatives,AM: External meetings | PM: Partner calls,Planning and KPI Review,
2027-04-08,Thursday,Week 2,April,Q2,2027,People and Culture,Leadership development,Team assessments,AM: 1-on-1s | PM: Team development,Stakeholder Engagement,
2027-04-09,Friday,Week 2,April,Q2,2027,Governance and Planning,Board matters and compliance,Week retrospective,AM: Governance | PM: Planning,Stakeholder Engagement,
2027-04-10,Saturday,Week 2,April,Q2,2027,Strategic Reserve,Strategic reading and research,Personal development,Reserved,Stakeholder Engagement,
2027-04-11,Sunday,Week 2,April,Q2,2027,Planning and Reflection,Week preparation,Goal alignment,Reserved,Stakeholder Engagement,
2027-04-12,Monday,Week 2,April,Q2,2027,Strategic Alignment,Week kickoff and priority setting,Board preparation,AM: Executive sync | PM: Strategic planning,Stakeholder Engagement,
2027-04-13,Tuesday,Week 2,April,Q2,2027,Operations,Department reviews and metrics,Operational metrics review,AM: Operations review | PM: Department heads,Stakeholder Engagement,
2027-04-14,Wednesday,Week 2,April,Q2,2027,Growth and Development,External engagement and partnerships,Innovation initiatives,AM: External meetings | PM: Partner calls,Stakeholder Engagement,
2027-04-15,Thursday,Week 3,April,Q2,2027,People and Culture,Leadership development,Team assessments,AM: 1-on-1s | PM: Team development,Strategic Initiatives,Mid-month checkpoint
2027-04-16,Friday,Week 3,April,Q2,2027,Governance and Planning,Board matters and compliance,Week retrospective,AM: Governance | PM: Planning,Strategic Initiatives,
2027-04-17,Saturday,Week 3,April,Q2,2027,Strategic Reserve,Strategic reading and research,Personal development,Reserved,Strategic Initiatives,
2027-04-18,Sunday,Week 3,April,Q2,2027,Planning and Reflection,Week preparation,Goal alignment,Reserved,Strategic Initiatives,
2027-04-19,Monday,Week 3,April,Q2,2027,Strategic Alignment,Week kickoff and priority setting,Board preparation,AM: Executive sync | PM: Strategic planning,Strategic Initiatives,
2027-04-20,Tuesday,Week 3,April,Q2,2027,Operations,Department reviews and metrics,Operational metrics review,AM: Operations review | PM: Department heads,Strategic Initiatives,
2027-04-21,Wednesday,Week 3,April,Q2,2027,Growth and Development,External engagement and partnerships,Innovation initiatives,AM: External meetings | PM: Partner calls,Strategic Initiatives,
2027-04-22,Thursday,Week 4,April,Q2,2027,People and Culture,Leadership development,Team assessments,AM: 1-on-1s | PM: Team development,Performance Review,
2027-04-23,Friday,Week 4,April,Q2,2027,Governance and Planning,Board matters and compliance,Week retrospective,AM: Governance | PM: Planning,Performance Review,
2027-04-24,Saturday,Week 4,April,Q2,2027,Strategic Reserve,Strategic reading and research,Personal development,Reserved,Performance Review,
2027-04-25,Sunday,Week 4,April,Q2,2027,Planning and Reflection,Week preparation,Goal alignment,Reserved,Performance Review,
2027-04-26,Monday,Week 4,April,Q2,2027,Strategic Alignment,Week kickoff and priority setting,Board preparation,AM: Executive sync | PM: Strategic planning,Performance Review,
2027-04-27,Tuesday,Week 4,April,Q2,2027,Operations,Department reviews and metrics,Operational metrics review,AM: Operations review | PM: Department heads,Performance Review,
2027-04-28,Wednesday,Week 4,April,Q2,2027,Growth and Development,External engagement and partnerships,Innovation initiatives,AM: External meetings | PM: Partner calls,Performance Review,
2027-04-29,Thursday,Week 5,April,Q2,2027,People and Culture,Leadership development,Team assessments,AM: 1-on-1s | PM: Team development,Month-end Consolidation,
2027-04-30,Friday,Week 5,April,Q2,2027,Governance and Planning,Board matters and compliance,Week retrospective,AM: Governance | PM: Planning,Month-end Consolidation,
2027-05-01,Saturday,Week 1,May,Q2,2027,Strategic Reserve,Strategic reading and research,Personal development,Reserved,Planning and KPI Review,Month Start - Full metrics review
2027-05-02,Sunday,Week 1,May,Q2,2027,Planning and Reflection,Week preparation,Goal alignment,Reserved,Planning and KPI Review,
2027-05-03,Monday,Week 1,May,Q2,2027,Strategic Alignment,Week kickoff and priority setting,Board preparation,AM: Executive sync | PM: Strategic planning,Planning and KPI Review,
2027-05-04,Tuesday,Week 1,May,Q2,2027,Operations,Department reviews and metrics,Operational metrics review,AM: Operations review | PM: Department heads,Planning and KPI Review,
2027-05-05,Wednesday,Week 1,May,Q2,2027,Growth and Development,External engagement and partnerships,Innovation initiatives,AM: External meetings | PM: Partner calls,Planning and KPI Review,
2027-05-06,Thursday,Week 1,May,Q2,2027,People and Culture,Leadership development,Team assessments,AM: 1-on-1s | PM: Team development,Planning and KPI Review,
2027-05-07,Friday,Week 1,May,Q2,2027,Governance and Planning,Board matters and compliance,Week retrospective,AM: Governance | PM: Planning,Planning and KPI Review,
2027-05-08,Saturday,Week 2,May,Q2,2027,Strategic Reserve,Strategic reading and research,Personal development,Reserved,Stakeholder Engagement,
2027-05-09,Sunday,Week 2,May,Q2,2027,Planning and Reflection,Week preparation,Goal alignment,Reserved,Stakeholder Engagement,
2027-05-10,Monday,Week 2,May,Q2,2027,Strategic Alignment,Week kickoff and priority setting,Board preparation,AM: Executive sync | PM: Strategic planning,Stakeholder Engagement,
2027-05-11,Tuesday,Week 2,May,Q2,2027,Operations,Department reviews and metrics,Operational metrics review,AM: Operations review | PM: Department heads,Stakeholder Engagement,
2027-05-12,Wednesday,Week 2,May,Q2,2027,Growth and Development,External engagement and partnerships,Innovation initiatives,AM: External meetings | PM: Partner calls,Stakeholder Engagement,
2027-05-13,Thursday,Week 2,May,Q2,2027,People and Culture,Leadership development,Team assessments,AM: 1-on-1s | PM: Team development,Stakeholder Engagement,
2027-05-14,Friday,Week 2,May,Q2,2027,Governance and Planning,Board matters and compliance,Week retrospective,AM: Governance | PM: Planning,Stakeholder Engagement,
2027-05-15,Saturday,Week 3,May,Q2,2027,Strategic Reserve,Strategic reading and research,Personal development,Reserved,Strategic Initiatives,Mid-month checkpoint
2027-05-16,Sunday,Week 3,May,Q2,2027,Planning and Reflection,Week preparation,Goal alignment,Reserved,Strategic Initiatives,
2027-05-17,Monday,Week 3,May,Q2,2027,Strategic Alignment,Week kickoff and priority setting,Board preparation,AM: Executive sync | PM: Strategic planning,Strategic Initiatives,
2027-05-18,Tuesday,Week 3,May,Q2,2027,Operations,Department reviews and metrics,Operational metrics review,AM: Operations review | PM: Department heads,Strategic Initiatives,
2027-05-19,Wednesday,Week 3,May,Q2,2027,Growth and Development,External engagement and partnerships,Innovation initiatives,AM: External meetings | PM: Partner calls,Strategic Initiatives,
2027-05-20,Thursday,Week 3,May,Q2,2027,People and Culture,Leadership development,Team assessments,AM: 1-on-1s | PM: Team development,Strategic Initiatives,
2027-05-21,Friday,Week 3,May,Q2,2027,Governance and Planning,Board matters and compliance,Week retrospective,AM: Governance | PM: Planning,Strategic Initiatives,
2027-05-22,Saturday,Week 4,May,Q2,2027,Strategic Reserve,Strategic reading and research,Personal development,Reserved,Performance Review,
2027-05-23,Sunday,Week 4,May,Q2,2027,Planning and Reflection,Week preparation,Goal alignment,Reserved,Performance Review,
2027-05-24,Monday,Week 4,May,Q2,2027,Strategic Alignment,Week kickoff and priority setting,Board preparation,AM: Executive sync | PM: Strategic planning,Performance Review,
2027-05-25,Tuesday,Week 4,May,Q2,2027,Operations,Department reviews and metrics,Operational metrics review,AM: Operations review | PM: Department heads,Performance Review,
2027-05-26,Wednesday,Week 4,May,Q2,2027,Growth and Development,External engagement and partnerships,Innovation initiatives,AM: External meetings | PM: Partner calls,Performance Review,
2027-05-27,Thursday,Week 4,May,Q2,2027,People and Culture,Leadership development,Team assessments,AM: 1-on-1s | PM: Team development,Performance Review,
2027-05-28,Friday,Week 4,May,Q2,2027,Governance and Planning,Board matters and compliance,Week retrospective,AM: Governance | PM: Planning,Performance Review,
2027-05-29,Saturday,Week 5,May,Q2,2027,Strategic Reserve,Strategic reading and research,Personal development,Reserved,Month-end Consolidation,
2027-05-30,Sunday,Week 5,May,Q2,2027,Planning and Reflection,Week preparation,Goal alignment,Reserved,Month-end Consolidation,
2027-05-31,Monday,Week 5,May,Q2,2027,Strategic Alignment,Week kickoff and priority setting,Board preparation,AM: Executive sync | PM: Strategic planning,Month-end Consolidation,
2027-06-01,Tuesday,Week 1,June,Q2,2027,Operations,Department reviews and metrics,Operational metrics review,AM: Operations review | PM: Department heads,Planning and KPI Review,Month Start - Full metrics review
2027-06-02,Wednesday,Week 1,June,Q2,2027,Growth and Development,External engagement and partnerships,Innovation initiatives,AM: External meetings | PM: Partner calls,Planning and KPI Review,
2027-06-03,Thursday,Week 1,June,Q2,2027,People and Culture,Leadership development,Team assessments,AM: 1-on-1s | PM: Team development,Planning and KPI Review,
2027-06-04,Friday,Week 1,June,Q2,2027,Governance and Planning,Board matters and compliance,Week retrospective,AM: Governance | PM: Planning,Planning and KPI Review,
2027-06-05,Saturday,Week 1,June,Q2,2027,Strategic Reserve,Strategic reading and research,Personal development,Reserved,Planning and KPI Review,
2027-06-06,Sunday,Week 1,June,Q2,2027,Planning and Reflection,Week preparation,Goal alignment,Reserved,Planning and KPI Review,
2027-06-07,Monday,Week 1,June,Q2,2027,Strategic Alignment,Week kickoff and priority setting,Board preparation,AM: Executive sync | PM: Strategic planning,Planning and KPI Review,
2027-06-08,Tuesday,Week 2,June,Q2,2027,Operations,Department reviews and metrics,Operational metrics review,AM: Operations review | PM: Department heads,Stakeholder Engagement,
2027-06-09,Wednesday,Week 2,June,Q2,2027,Growth and Development,External engagement and partnerships,Innovation initiatives,AM: External meetings | PM: Partner calls,Stakeholder Engagement,
2027-06-10,Thursday,Week 2,June,Q2,2027,People and Culture,Leadership development,Team assessments,AM: 1-on-1s | PM: Team development,Stakeholder Engagement,
2027-06-11,Friday,Week 2,June,Q2,2027,Governance and Planning,Board matters and compliance,Week retrospective,AM: Governance | PM: Planning,Stakeholder Engagement,
2027-06-12,Saturday,Week 2,June,Q2,2027,Strategic Reserve,Strategic reading and research,Personal development,Reserved,Stakeholder Engagement,
2027-06-13,Sunday,Week 2,June,Q2,2027,Planning and Reflection,Week preparation,Goal alignment,Reserved,Stakeholder Engagement,
2027-06-14,Monday,Week 2,June,Q2,2027,Strategic Alignment,Week kickoff and priority setting,Board preparation,AM: Executive sync | PM: Strategic planning,Stakeholder Engagement,
2027-06-15,Tuesday,Week 3,June,Q2,2027,Operations,Department reviews and metrics,Operational metrics review,AM: Operations review | PM: Department heads,Strategic Initiatives,Mid-month checkpoint
2027-06-16,Wednesday,Week 3,June,Q2,2027,Growth and Development,External engagement and partnerships,Innovation initiatives,AM: External meetings | PM: Partner calls,Strategic Initiatives,
2027-06-17,Thursday,Week 3,June,Q2,2027,People and Culture,Leadership development,Team assessments,AM: 1-on-1s | PM: Team development,Strategic Initiatives,
2027-06-18,Friday,Week 3,June,Q2,2027,Governance and Planning,Board matters and compliance,Week retrospective,AM: Governance | PM: Planning,Strategic Initiatives,
2027-06-19,Saturday,Week 3,June,Q2,2027,Strategic Reserve,Strategic reading and research,Personal development,Reserved,Strategic Initiatives,
2027-06-20,Sunday,Week 3,June,Q2,2027,Planning and Reflection,Week preparation,Goal alignment,Reserved,Strategic Initiatives,
2027-06-21,Monday,Week 3,June,Q2,2027,Strategic Alignment,Week kickoff and priority setting,Board preparation,AM: Executive sync | PM: Strategic planning,Strategic Initiatives,
2027-06-22,Tuesday,Week 4,June,Q2,2027,Operations,Department reviews and metrics,Operational metrics review,AM: Operations review | PM: Department heads,Performance Review,
2027-06-23,Wednesday,Week 4,June,Q2,2027,Growth and Development,External engagement and partnerships,Innovation initiatives,AM: External meetings | PM: Partner calls,Performance Review,
2027-06-24,Thursday,Week 4,June,Q2,2027,People and Culture,Leadership development,Team assessments,AM: 1-on-1s | PM: Team development,Performance Review,
2027-06-25,Friday,Week 4,June,Q2,2027,Governance and Planning,Board matters and compliance,Week retrospective,AM: Governance | PM: Planning,Performance Review,
2027-06-26,Saturday,Week 4,June,Q2,2027,Strategic Reserve,Strategic reading and research,Personal development,Reserved,Performance Review,
2027-06-27,Sunday,Week 4,June,Q2,2027,Planning and Reflection,Week preparation,Goal alignment,Reserved,Performance Review,
2027-06-28,Monday,Week 4,June,Q2,2027,Strategic Alignment,Week kickoff and priority setting,Board preparation,AM: Executive sync | PM: Strategic planning,Performance Review,
2027-06-29,Tuesday,Week 5,June,Q2,2027,Operations,Department reviews and metrics,Operational metrics review,AM: Operations review | PM: Department heads,Month-end Consolidation,
2027-06-30,Wednesday,Week 5,June,Q2,2027,Growth and Development,External engagement and partnerships,Innovation initiatives,AM: External meetings | PM: Partner calls,Month-end Consolidation,
2027-07-01,Thursday,Week 1,July,Q3,2027,People and Culture,Leadership development,Team assessments,AM: 1-on-1s | PM: Team development,Planning and KPI Review,Quarter Start - QBR preparation
2027-07-02,Friday,Week 1,July,Q3,2027,Governance and Planning,Board matters and compliance,Week retrospective,AM: Governance | PM: Planning,Planning and KPI Review,
2027-07-03,Saturday,Week 1,July,Q3,2027,Strategic Reserve,Strategic reading and research,Personal development,Reserved,Planning and KPI Review,
2027-07-04,Sunday,Week 1,July,Q3,2027,Planning and Reflection,Week preparation,Goal alignment,Reserved,Planning and KPI Review,
2027-07-05,Monday,Week 1,July,Q3,2027,Strategic Alignment,Week kickoff and priority setting,Board preparation,AM: Executive sync | PM: Strategic planning,Planning and KPI Review,
2027-07-06,Tuesday,Week 1,July,Q3,2027,Operations,Department reviews and metrics,Operational metrics review,AM: Operations review | PM: Department heads,Planning and KPI Review,
2027-07-07,Wednesday,Week 1,July,Q3,2027,Growth and Development,External engagement and partnerships,Innovation initiatives,AM: External meetings | PM: Partner calls,Planning and KPI Review,
2027-07-08,Thursday,Week 2,July,Q3,2027,People and Culture,Leadership development,Team assessments,AM: 1-on-1s | PM: Team development,Stakeholder Engagement,
2027-07-09,Friday,Week 2,July,Q3,2027,Governance and Planning,Board matters and compliance,Week retrospective,AM: Governance | PM: Planning,Stakeholder Engagement,
2027-07-10,Saturday,Week 2,July,Q3,2027,Strategic Reserve,Strategic reading and research,Personal development,Reserved,Stakeholder Engagement,
2027-07-11,Sunday,Week 2,July,Q3,2027,Planning and Reflection,Week preparation,Goal alignment,Reserved,Stakeholder Engagement,
2027-07-12,Monday,Week 2,July,Q3,2027,Strategic Alignment,Week kickoff and priority setting,Board preparation,AM: Executive sync | PM: Strategic planning,Stakeholder Engagement,
2027-07-13,Tuesday,Week 2,July,Q3,2027,Operations,Department reviews and metrics,Operational metrics review,AM: Operations review | PM: Department heads,Stakeholder Engagement,
2027-07-14,Wednesday,Week 2,July,Q3,2027,Growth and Development,External engagement and partnerships,Innovation initiatives,AM: External meetings | PM: Partner calls,Stakeholder Engagement,
2027-07-15,Thursday,Week 3,July,Q3,2027,People and Culture,Leadership development,Team assessments,AM: 1-on-1s | PM: Team development,Strategic Initiatives,Mid-month checkpoint
2027-07-16,Friday,Week 3,July,Q3,2027,Governance and Planning,Board matters and compliance,Week retrospective,AM: Governance | PM: Planning,Strategic Initiatives,
2027-07-17,Saturday,Week 3,July,Q3,2027,Strategic Reserve,Strategic reading and research,Personal development,Reserved,Strategic Initiatives,
2027-07-18,Sunday,Week 3,July,Q3,2027,Planning and Reflection,Week preparation,Goal alignment,Reserved,Strategic Initiatives,
2027-07-19,Monday,Week 3,July,Q3,2027,Strategic Alignment,Week kickoff and priority setting,Board preparation,AM: Executive sync | PM: Strategic planning,Strategic Initiatives,
2027-07-20,Tuesday,Week 3,July,Q3,2027,Operations,Department reviews and metrics,Operational metrics review,AM: Operations review | PM: Department heads,Strategic Initiatives,
2027-07-21,Wednesday,Week 3,July,Q3,2027,Growth and Development,External engagement and partnerships,Innovation initiatives,AM: External meetings | PM: Partner calls,Strategic Initiatives,
2027-07-22,Thursday,Week 4,July,Q3,2027,People and Culture,Leadership development,Team assessments,AM: 1-on-1s | PM: Team development,Performance Review,
2027-07-23,Friday,Week 4,July,Q3,2027,Governance and Planning,Board matters and compliance,Week retrospective,AM: Governance | PM: Planning,Performance Review,
2027-07-24,Saturday,Week 4,July,Q3,2027,Strategic Reserve,Strategic reading and research,Personal development,Reserved,Performance Review,
2027-07-25,Sunday,Week 4,July,Q3,2027,Planning and Reflection,Week preparation,Goal alignment,Reserved,Performance Review,
2027-07-26,Monday,Week 4,July,Q3,2027,Strategic Alignment,Week kickoff and priority setting,Board preparation,AM: Executive sync | PM: Strategic planning,Performance Review,
2027-07-27,Tuesday,Week 4,July,Q3,2027,Operations,Department reviews and metrics,Operational metrics review,AM: Operations review | PM: Department heads,Performance Review,
2027-07-28,Wednesday,Week 4,July,Q3,2027,Growth and Development,External engagement and partnerships,Innovation initiatives,AM: External meetings | PM: Partner calls,Performance Review,
2027-07-29,Thursday,Week 5,July,Q3,2027,People and Culture,Leadership development,Team assessments,AM: 1-on-1s | PM: Team development,Month-end Consolidation,
2027-07-30,Friday,Week 5,July,Q3,2027,Governance and Planning,Board matters and compliance,Week retrospective,AM: Governance | PM: Planning,Month-end Consolidation,
2027-07-31,Saturday,Week 5,July,Q3,2027,Strategic Reserve,Strategic reading and research,Personal development,Reserved,Month-end Consolidation,
2027-08-01,Sunday,Week 1,August,Q3,2027,Planning and Reflection,Week preparation,Goal alignment,Reserved,Planning and KPI Review,Month Start - Full metrics review
2027-08-02,Monday,Week 1,August,Q3,2027,Strategic Alignment,Week kickoff and priority setting,Board preparation,AM: Executive sync | PM: Strategic planning,Planning and KPI Review,
2027-08-03,Tuesday,Week 1,August,Q3,2027,Operations,Department reviews and metrics,Operational metrics review,AM: Operations review | PM: Department heads,Planning and KPI Review,
2027-08-04,Wednesday,Week 1,August,Q3,2027,Growth and Development,External engagement and partnerships,Innovation initiatives,AM: External meetings | PM: Partner calls,Planning and KPI Review,
2027-08-05,Thursday,Week 1,August,Q3,2027,People and Culture,Leadership development,Team assessments,AM: 1-on-1s | PM: Team development,Planning and KPI Review,
2027-08-06,Friday,Week 1,August,Q3,2027,Governance and Planning,Board matters and compliance,Week retrospective,AM: Governance | PM: Planning,Planning and KPI Review,
2027-08-07,Saturday,Week 1,August,Q3,2027,Strategic Reserve,Strategic reading and research,Personal development,Reserved,Planning and KPI Review,
2027-08-08,Sunday,Week 2,August,Q3,2027,Planning and Reflection,Week preparation,Goal alignment,Reserved,Stakeholder Engagement,
2027-08-09,Monday,Week 2,August,Q3,2027,Strategic Alignment,Week kickoff and priority setting,Board preparation,AM: Executive sync | PM: Strategic planning,Stakeholder Engagement,
2027-08-10,Tuesday,Week 2,August,Q3,2027,Operations,Department reviews and metrics,Operational metrics review,AM: Operations review | PM: Department heads,Stakeholder Engagement,
2027-08-11,Wednesday,Week 2,August,Q3,2027,Growth and Development,External engagement and partnerships,Innovation initiatives,AM: External meetings | PM: Partner calls,Stakeholder Engagement,
2027-08-12,Thursday,Week 2,August,Q3,2027,People and Culture,Leadership development,Team assessments,AM: 1-on-1s | PM: Team development,Stakeholder Engagement,
2027-08-13,Friday,Week 2,August,Q3,2027,Governance and Planning,Board matters and compliance,Week retrospective,AM: Governance | PM: Planning,Stakeholder Engagement,
2027-08-14,Saturday,Week 2,August,Q3,2027,Strategic Reserve,Strategic reading and research,Personal development,Reserved,Stakeholder Engagement,
2027-08-15,Sunday,Week 3,August,Q3,2027,Planning and Reflection,Week preparation,Goal alignment,Reserved,Strategic Initiatives,Mid-month checkpoint
2027-08-16,Monday,Week 3,August,Q3,2027,Strategic Alignment,Week kickoff and priority setting,Board preparation,AM: Executive sync | PM: Strategic planning,Strategic Initiatives,
2027-08-17,Tuesday,Week 3,August,Q3,2027,Operations,Department reviews and metrics,Operational metrics review,AM: Operations review | PM: Department heads,Strategic Initiatives,
2027-08-18,Wednesday,Week 3,August,Q3,2027,Growth and Development,External engagement and partnerships,Innovation initiatives,AM: External meetings | PM: Partner calls,Strategic Initiatives,
2027-08-19,Thursday,Week 3,August,Q3,2027,People and Culture,Leadership development,Team assessments,AM: 1-on-1s | PM: Team development,Strategic Initiatives,
2027-08-20,Friday,Week 3,August,Q3,2027,Governance and Planning,Board matters and compliance,Week retrospective,AM: Governance | PM: Planning,Strategic Initiatives,
2027-08-21,Saturday,Week 3,August,Q3,2027,Strategic Reserve,Strategic reading and research,Personal development,Reserved,Strategic Initiatives,
2027-08-22,Sunday,Week 4,August,Q3,2027,Planning and Reflection,Week preparation,Goal alignment,Reserved,Performance Review,
2027-08-23,Monday,Week 4,August,Q3,2027,Strategic Alignment,Week kickoff and priority setting,Board preparation,AM: Executive sync | PM: Strategic planning,Performance Review,
2027-08-24,Tuesday,Week 4,August,Q3,2027,Operations,Department reviews and metrics,Operational metrics review,AM: Operations review | PM: Department heads,Performance Review,
2027-08-25,Wednesday,Week 4,August,Q3,2027,Growth and Development,External engagement and partnerships,Innovation initiatives,AM: External meetings | PM: Partner calls,Performance Review,
2027-08-26,Thursday,Week 4,August,Q3,2027,People and Culture,Leadership development,Team assessments,AM: 1-on-1s | PM: Team development,Performance Review,
2027-08-27,Friday,Week 4,August,Q3,2027,Governance and Planning,Board matters and compliance,Week retrospective,AM: Governance | PM: Planning,Performance Review,
2027-08-28,Saturday,Week 4,August,Q3,2027,Strategic Reserve,Strategic reading and research,Personal development,Reserved,Performance Review,
2027-08-29,Sunday,Week 5,August,Q3,2027,Planning and Reflection,Week preparation,Goal alignment,Reserved,Month-end Consolidation,
2027-08-30,Monday,Week 5,August,Q3,2027,Strategic Alignment,Week kickoff and priority setting,Board preparation,AM: Executive sync | PM: Strategic planning,Month-end Consolidation,
2027-08-31,Tuesday,Week 5,August,Q3,2027,Operations,Department reviews and metrics,Operational metrics review,AM: Operations review | PM: Department heads,Month-end Consolidation,
2027-09-01,Wednesday,Week 1,September,Q3,2027,Growth and Development,External engagement and partnerships,Innovation initiatives,AM: External meetings | PM: Partner calls,Planning and KPI Review,Month Start - Full metrics review
2027-09-02,Thursday,Week 1,September,Q3,2027,People and Culture,Leadership development,Team assessments,AM: 1-on-1s | PM: Team development,Planning and KPI Review,
2027-09-03,Friday,Week 1,September,Q3,2027,Governance and Planning,Board matters and compliance,Week retrospective,AM: Governance | PM: Planning,Planning and KPI Review,
2027-09-04,Saturday,Week 1,September,Q3,2027,Strategic Reserve,Strategic reading and research,Personal development,Reserved,Planning and KPI Review,
2027-09-05,Sunday,Week 1,September,Q3,2027,Planning and Reflection,Week preparation,Goal alignment,Reserved,Planning and KPI Review,
2027-09-06,Monday,Week 1,September,Q3,2027,Strategic Alignment,Week kickoff and priority setting,Board preparation,AM: Executive sync | PM: Strategic planning,Planning and KPI Review,
2027-09-07,Tuesday,Week 1,September,Q3,2027,Operations,Department reviews and metrics,Operational metrics review,AM: Operations review | PM: Department heads,Planning and KPI Review,
2027-09-08,Wednesday,Week 2,September,Q3,2027,Growth and Development,External engagement and partnerships,Innovation initiatives,AM: External meetings | PM: Partner calls,Stakeholder Engagement,
2027-09-09,Thursday,Week 2,September,Q3,2027,People and Culture,Leadership development,Team assessments,AM: 1-on-1s | PM: Team development,Stakeholder Engagement,
2027-09-10,Friday,Week 2,September,Q3,2027,Governance and Planning,Board matters and compliance,Week retrospective,AM: Governance | PM: Planning,Stakeholder Engagement,
2027-09-11,Saturday,Week 2,September,Q3,2027,Strategic Reserve,Strategic reading and research,Personal development,Reserved,Stakeholder Engagement,
2027-09-12,Sunday,Week 2,September,Q3,2027,Planning and Reflection,Week preparation,Goal alignment,Reserved,Stakeholder Engagement,
2027-09-13,Monday,Week 2,September,Q3,2027,Strategic Alignment,Week kickoff and priority setting,Board preparation,AM: Executive sync | PM: Strategic planning,Stakeholder Engagement,
2027-09-14,Tuesday,Week 2,September,Q3,2027,Operations,Department reviews and metrics,Operational metrics review,AM: Operations review | PM: Department heads,Stakeholder Engagement,
2027-09-15,Wednesday,Week 3,September,Q3,2027,Growth and Development,External engagement and partnerships,Innovation initiatives,AM: External meetings | PM: Partner calls,Strategic Initiatives,Mid-month checkpoint
2027-09-16,Thursday,Week 3,September,Q3,2027,People and Culture,Leadership development,Team assessments,AM: 1-on-1s | PM: Team development,Strategic Initiatives,
2027-09-17,Friday,Week 3,September,Q3,2027,Governance and Planning,Board matters and compliance,Week retrospective,AM: Governance | PM: Planning,Strategic Initiatives,
2027-09-18,Saturday,Week 3,September,Q3,2027,Strategic Reserve,Strategic reading and research,Personal development,Reserved,Strategic Initiatives,
2027-09-19,Sunday,Week 3,September,Q3,2027,Planning and Reflection,Week preparation,Goal alignment,Reserved,Strategic Initiatives,
2027-09-20,Monday,Week 3,September,Q3,2027,Strategic Alignment,Week kickoff and priority setting,Board preparation,AM: Executive sync | PM: Strategic planning,Strategic Initiatives,
2027-09-21,Tuesday,Week 3,September,Q3,2027,Operations,Department reviews and metrics,Operational metrics review,AM: Operations review | PM: Department heads,Strategic Initiatives,
2027-09-22,Wednesday,Week 4,September,Q3,2027,Growth and Development,External engagement and partnerships,Innovation initiatives,AM: External meetings | PM: Partner calls,Performance Review,
2027-09-23,Thursday,Week 4,September,Q3,2027,People and Culture,Leadership development,Team assessments,AM: 1-on-1s | PM: Team development,Performance Review,
2027-09-24,Friday,Week 4,September,Q3,2027,Governance and Planning,Board matters and compliance,Week retrospective,AM: Governance | PM: Planning,Performance Review,
2027-09-25,Saturday,Week 4,September,Q3,2027,Strategic Reserve,Strategic reading and research,Personal development,Reserved,Performance Review,
2027-09-26,Sunday,Week 4,September,Q3,2027,Planning and Reflection,Week preparation,Goal alignment,Reserved,Performance Review,
2027-09-27,Monday,Week 4,September,Q3,2027,Strategic Alignment,Week kickoff and priority setting,Board preparation,AM: Executive sync | PM: Strategic planning,Performance Review,
2027-09-28,Tuesday,Week 4,September,Q3,2027,Operations,Department reviews and metrics,Operational metrics review,AM: Operations review | PM: Department heads,Performance Review,
2027-09-29,Wednesday,Week 5,September,Q3,2027,Growth and Development,External engagement and partnerships,Innovation initiatives,AM: External meetings | PM: Partner calls,Month-end Consolidation,
2027-09-30,Thursday,Week 5,September,Q3,2027,People and Culture,Leadership development,Team assessments,AM: 1-on-1s | PM: Team development,Month-end Consolidation,
2027-10-01,Friday,Week 1,October,Q4,2027,Governance and Planning,Board matters and compliance,Week retrospective,AM: Governance | PM: Planning,Planning and KPI Review,Quarter Start - QBR preparation
2027-10-02,Saturday,Week 1,October,Q4,2027,Strategic Reserve,Strategic reading and research,Personal development,Reserved,Planning and KPI Review,
2027-10-03,Sunday,Week 1,October,Q4,2027,Planning and Reflection,Week preparation,Goal alignment,Reserved,Planning and KPI Review,
2027-10-04,Monday,Week 1,October,Q4,2027,Strategic Alignment,Week kickoff and priority setting,Board preparation,AM: Executive sync | PM: Strategic planning,Planning and KPI Review,
2027-10-05,Tuesday,Week 1,October,Q4,2027,Operations,Department reviews and metrics,Operational metrics review,AM: Operations review | PM: Department heads,Planning and KPI Review,
2027-10-06,Wednesday,Week 1,October,Q4,2027,Growth and Development,External engagement and partnerships,Innovation initiatives,AM: External meetings | PM: Partner calls,Planning and KPI Review,
2027-10-07,Thursday,Week 1,October,Q4,2027,People and Culture,Leadership development,Team assessments,AM: 1-on-1s | PM: Team development,Planning and KPI Review,
2027-10-08,Friday,Week 2,October,Q4,2027,Governance and Planning,Board matters and compliance,Week retrospective,AM: Governance | PM: Planning,Stakeholder Engagement,
2027-10-09,Saturday,Week 2,October,Q4,2027,Strategic Reserve,Strategic reading and research,Personal development,Reserved,Stakeholder Engagement,
2027-10-10,Sunday,Week 2,October,Q4,2027,Planning and Reflection,Week preparation,Goal alignment,Reserved,Stakeholder Engagement,
2027-10-11,Monday,Week 2,October,Q4,2027,Strategic Alignment,Week kickoff and priority setting,Board preparation,AM: Executive sync | PM: Strategic planning,Stakeholder Engagement,
2027-10-12,Tuesday,Week 2,October,Q4,2027,Operations,Department reviews and metrics,Operational metrics review,AM: Operations review | PM: Department heads,Stakeholder Engagement,
2027-10-13,Wednesday,Week 2,October,Q4,2027,Growth and Development,External engagement and partnerships,Innovation initiatives,AM: External meetings | PM: Partner calls,Stakeholder Engagement,
2027-10-14,Thursday,Week 2,October,Q4,2027,People and Culture,Leadership development,Team assessments,AM: 1-on-1s | PM: Team development,Stakeholder Engagement,
2027-10-15,Friday,Week 3,October,Q4,2027,Governance and Planning,Board matters and compliance,Week retrospective,AM: Governance | PM: Planning,Strategic Initiatives,Mid-month checkpoint
2027-10-16,Saturday,Week 3,October,Q4,2027,Strategic Reserve,Strategic reading and research,Personal development,Reserved,Strategic Initiatives,
2027-10-17,Sunday,Week 3,October,Q4,2027,Planning and Reflection,Week preparation,Goal alignment,Reserved,Strategic Initiatives,
2027-10-18,Monday,Week 3,October,Q4,2027,Strategic Alignment,Week kickoff and priority setting,Board preparation,AM: Executive sync | PM: Strategic planning,Strategic Initiatives,
2027-10-19,Tuesday,Week 3,October,Q4,2027,Operations,Department reviews and metrics,Operational metrics review,AM: Operations review | PM: Department heads,Strategic Initiatives,
2027-10-20,Wednesday,Week 3,October,Q4,2027,Growth and Development,External engagement and partnerships,Innovation initiatives,AM: External meetings | PM: Partner calls,Strategic Initiatives,
2027-10-21,Thursday,Week 3,October,Q4,2027,People and Culture,Leadership development,Team assessments,AM: 1-on-1s | PM: Team development,Strategic Initiatives,
2027-10-22,Friday,Week 4,October,Q4,2027,Governance and Planning,Board matters and compliance,Week retrospective,AM: Governance | PM: Planning,Performance Review,
2027-10-23,Saturday,Week 4,October,Q4,2027,Strategic Reserve,Strategic reading and research,Personal development,Reserved,Performance Review,
2027-10-24,Sunday,Week 4,October,Q4,2027,Planning and Reflection,Week preparation,Goal alignment,Reserved,Performance Review,
2027-10-25,Monday,Week 4,October,Q4,2027,Strategic Alignment,Week kickoff and priority setting,Board preparation,AM: Executive sync | PM: Strategic planning,Performance Review,
2027-10-26,Tuesday,Week 4,October,Q4,2027,Operations,Department reviews and metrics,Operational metrics review,AM: Operations review | PM: Department heads,Performance Review,
2027-10-27,Wednesday,Week 4,October,Q4,2027,Growth and Development,External engagement and partnerships,Innovation initiatives,AM: External meetings | PM: Partner calls,Performance Review,
2027-10-28,Thursday,Week 4,October,Q4,2027,People and Culture,Leadership development,Team assessments,AM: 1-on-1s | PM: Team development,Performance Review,
2027-10-29,Friday,Week 5,October,Q4,2027,Governance and Planning,Board matters and compliance,Week retrospective,AM: Governance | PM: Planning,Month-end Consolidation,
2027-10-30,Saturday,Week 5,October,Q4,2027,Strategic Reserve,Strategic reading and research,Personal development,Reserved,Month-end Consolidation,
2027-10-31,Sunday,Week 5,October,Q4,2027,Planning and Reflection,Week preparation,Goal alignment,Reserved,Month-end Consolidation,
2027-11-01,Monday,Week 1,November,Q4,2027,Strategic Alignment,Week kickoff and priority setting,Board preparation,AM: Executive sync | PM: Strategic planning,Planning and KPI Review,Month Start - Full metrics review
2027-11-02,Tuesday,Week 1,November,Q4,2027,Operations,Department reviews and metrics,Operational metrics review,AM: Operations review | PM: Department heads,Planning and KPI Review,
2027-11-03,Wednesday,Week 1,November,Q4,2027,Growth and Development,External engagement and partnerships,Innovation initiatives,AM: External meetings | PM: Partner calls,Planning and KPI Review,
2027-11-04,Thursday,Week 1,November,Q4,2027,People and Culture,Leadership development,Team assessments,AM: 1-on-1s | PM: Team development,Planning and KPI Review,
2027-11-05,Friday,Week 1,November,Q4,2027,Governance and Planning,Board matters and compliance,Week retrospective,AM: Governance | PM: Planning,Planning and KPI Review,
2027-11-06,Saturday,Week 1,November,Q4,2027,Strategic Reserve,Strategic reading and research,Personal development,Reserved,Planning and KPI Review,
2027-11-07,Sunday,Week 1,November,Q4,2027,Planning and Reflection,Week preparation,Goal alignment,Reserved,Planning and KPI Review,
2027-11-08,Monday,Week 2,November,Q4,2027,Strategic Alignment,Week kickoff and priority setting,Board preparation,AM: Executive sync | PM: Strategic planning,Stakeholder Engagement,
2027-11-09,Tuesday,Week 2,November,Q4,2027,Operations,Department reviews and metrics,Operational metrics review,AM: Operations review | PM: Department heads,Stakeholder Engagement,
2027-11-10,Wednesday,Week 2,November,Q4,2027,Growth and Development,External engagement and partnerships,Innovation initiatives,AM: External meetings | PM: Partner calls,Stakeholder Engagement,
2027-11-11,Thursday,Week 2,November,Q4,2027,People and Culture,Leadership development,Team assessments,AM: 1-on-1s | PM: Team development,Stakeholder Engagement,
2027-11-12,Friday,Week 2,November,Q4,2027,Governance and Planning,Board matters and compliance,Week retrospective,AM: Governance | PM: Planning,Stakeholder Engagement,
2027-11-13,Saturday,Week 2,November,Q4,2027,Strategic Reserve,Strategic reading and research,Personal development,Reserved,Stakeholder Engagement,
2027-11-14,Sunday,Week 2,November,Q4,2027,Planning and Reflection,Week preparation,Goal alignment,Reserved,Stakeholder Engagement,
2027-11-15,Monday,Week 3,November,Q4,2027,Strategic Alignment,Week kickoff and priority setting,Board preparation,AM: Executive sync | PM: Strategic planning,Strategic Initiatives,Mid-month checkpoint
2027-11-16,Tuesday,Week 3,November,Q4,2027,Operations,Department reviews and metrics,Operational metrics review,AM: Operations review | PM: Department heads,Strategic Initiatives,
2027-11-17,Wednesday,Week 3,November,Q4,2027,Growth and Development,External engagement and partnerships,Innovation initiatives,AM: External meetings | PM: Partner calls,Strategic Initiatives,
2027-11-18,Thursday,Week 3,November,Q4,2027,People and Culture,Leadership development,Team assessments,AM: 1-on-1s | PM: Team development,Strategic Initiatives,
2027-11-19,Friday,Week 3,November,Q4,2027,Governance and Planning,Board matters and compliance,Week retrospective,AM: Governance | PM: Planning,Strategic Initiatives,
2027-11-20,Saturday,Week 3,November,Q4,2027,Strategic Reserve,Strategic reading and research,Personal development,Reserved,Strategic Initiatives,
2027-11-21,Sunday,Week 3,November,Q4,2027,Planning and Reflection,Week preparation,Goal alignment,Reserved,Strategic Initiatives,
2027-11-22,Monday,Week 4,November,Q4,2027,Strategic Alignment,Week kickoff and priority setting,Board preparation,AM: Executive sync | PM: Strategic planning,Performance Review,
2027-11-23,Tuesday,Week 4,November,Q4,2027,Operations,Department reviews and metrics,Operational metrics review,AM: Operations review | PM: Department heads,Performance Review,
2027-11-24,Wednesday,Week 4,November,Q4,2027,Growth and Development,External engagement and partnerships,Innovation initiatives,AM: External meetings | PM: Partner calls,Performance Review,
2027-11-25,Thursday,Week 4,November,Q4,2027,People and Culture,Leadership development,Team assessments,AM: 1-on-1s | PM: Team development,Performance Review,
2027-11-26,Friday,Week 4,November,Q4,2027,Governance and Planning,Board matters and compliance,Week retrospective,AM: Governance | PM: Planning,Performance Review,
2027-11-27,Saturday,Week 4,November,Q4,2027,Strategic Reserve,Strategic reading and research,Personal development,Reserved,Performance Review,
2027-11-28,Sunday,Week 4,November,Q4,2027,Planning and Reflection,Week preparation,Goal alignment,Reserved,Performance Review,
2027-11-29,Monday,Week 5,November,Q4,2027,Strategic Alignment,Week kickoff and priority setting,Board preparation,AM: Executive sync | PM: Strategic planning,Month-end Consolidation,
2027-11-30,Tuesday,Week 5,November,Q4,2027,Operations,Department reviews and metrics,Operational metrics review,AM: Operations review | PM: Department heads,Month-end Consolidation,
2027-12-01,Wednesday,Week 1,December,Q4,2027,Growth and Development,External engagement and partnerships,Innovation initiatives,AM: External meetings | PM: Partner calls,Planning and KPI Review,Month Start - Full metrics review
2027-12-02,Thursday,Week 1,December,Q4,2027,People and Culture,Leadership development,Team assessments,AM: 1-on-1s | PM: Team development,Planning and KPI Review,
2027-12-03,Friday,Week 1,December,Q4,2027,Governance and Planning,Board matters and compliance,Week retrospective,AM: Governance | PM: Planning,Planning and KPI Review,
2027-12-04,Saturday,Week 1,December,Q4,2027,Strategic Reserve,Strategic reading and research,Personal development,Reserved,Planning and KPI Review,
2027-12-05,Sunday,Week 1,December,Q4,2027,Planning and Reflection,Week preparation,Goal alignment,Reserved,Planning and KPI Review,
2027-12-06,Monday,Week 1,December,Q4,2027,Strategic Alignment,Week kickoff and priority setting,Board preparation,AM: Executive sync | PM: Strategic planning,Planning and KPI Review,
2027-12-07,Tuesday,Week 1,December,Q4,2027,Operations,Department reviews and metrics,Operational metrics review,AM: Operations review | PM: Department heads,Planning and KPI Review,
2027-12-08,Wednesday,Week 2,December,Q4,2027,Growth and Development,External engagement and partnerships,Innovation initiatives,AM: External meetings | PM: Partner calls,Stakeholder Engagement,
2027-12-09,Thursday,Week 2,December,Q4,2027,People and Culture,Leadership development,Team assessments,AM: 1-on-1s | PM: Team development,Stakeholder Engagement,
2027-12-10,Friday,Week 2,December,Q4,2027,Governance and Planning,Board matters and compliance,Week retrospective,AM: Governance | PM: Planning,Stakeholder Engagement,
2027-12-11,Saturday,Week 2,December,Q4,2027,Strategic Reserve,Strategic reading and research,Personal development,Reserved,Stakeholder Engagement,
2027-12-12,Sunday,Week 2,December,Q4,2027,Planning and Reflection,Week preparation,Goal alignment,Reserved,Stakeholder Engagement,
2027-12-13,Monday,Week 2,December,Q4,2027,Strategic Alignment,Week kickoff and priority setting,Board preparation,AM: Executive sync | PM: Strategic planning,Stakeholder Engagement,
2027-12-14,Tuesday,Week 2,December,Q4,2027,Operations,Department reviews and metrics,Operational metrics review,AM: Operations review | PM: Department heads,Stakeholder Engagement,
2027-12-15,Wednesday,Week 3,December,Q4,2027,Growth and Development,External engagement and partnerships,Innovation initiatives,AM: External meetings | PM: Partner calls,Strategic Initiatives,Mid-month checkpoint
2027-12-16,Thursday,Week 3,December,Q4,2027,People and Culture,Leadership development,Team assessments,AM: 1-on-1s | PM: Team development,Strategic Initiatives,
2027-12-17,Friday,Week 3,December,Q4,2027,Governance and Planning,Board matters and compliance,Week retrospective,AM: Governance | PM: Planning,Strategic Initiatives,
2027-12-18,Saturday,Week 3,December,Q4,2027,Strategic Reserve,Strategic reading and research,Personal development,Reserved,Strategic Initiatives,
2027-12-19,Sunday,Week 3,December,Q4,2027,Planning and Reflection,Week preparation,Goal alignment,Reserved,Strategic Initiatives,
2027-12-20,Monday,Week 3,December,Q4,2027,Strategic Alignment,Week kickoff and priority setting,Board preparation,AM: Executive sync | PM: Strategic planning,Strategic Initiatives,
2027-12-21,Tuesday,Week 3,December,Q4,2027,Operations,Department reviews and metrics,Operational metrics review,AM: Operations review | PM: Department heads,Strategic Initiatives,
2027-12-22,Wednesday,Week 4,December,Q4,2027,Growth and Development,External engagement and partnerships,Innovation initiatives,AM: External meetings | PM: Partner calls,Performance Review,
2027-12-23,Thursday,Week 4,December,Q4,2027,People and Culture,Leadership development,Team assessments,AM: 1-on-1s | PM: Team development,Performance Review,
2027-12-24,Friday,Week 4,December,Q4,2027,Governance and Planning,Board matters and compliance,Week retrospective,AM: Governance | PM: Planning,Performance Review,
2027-12-25,Saturday,Week 4,December,Q4,2027,Strategic Reserve,Strategic reading and research,Personal development,Reserved,Performance Review,
2027-12-26,Sunday,Week 4,December,Q4,2027,Planning and Reflection,Week preparation,Goal alignment,Reserved,Performance Review,
2027-12-27,Monday,Week 4,December,Q4,2027,Strategic Alignment,Week kickoff and priority setting,Board preparation,AM: Executive sync | PM: Strategic planning,Performance Review,
2027-12-28,Tuesday,Week 4,December,Q4,2027,Operations,Department reviews and metrics,Operational metrics review,AM: Operations review | PM: Department heads,Performance Review,
2027-12-29,Wednesday,Week 5,December,Q4,2027,Growth and Development,External engagement and partnerships,Innovation initiatives,AM: External meetings | PM: Partner calls,Month-end Consolidation,
2027-12-30,Thursday,Week 5,December,Q4,2027,People and Culture,Leadership development,Team assessments,AM: 1-on-1s | PM: Team development,Month-end Consolidation,
2027-12-31,Friday,Week 5,December,Q4,2027,Governance and Planning,Board matters and compliance,Week retrospective,AM: Governance | PM: Planning,Month-end Consolidation,Year End - Annual retrospective
2028-01-01,Saturday,Week 1,January,Q1,2028,Strategic Reserve,Strategic reading and research,Personal development,Reserved,Planning and KPI Review,Quarter Start - QBR preparation
2028-01-02,Sunday,Week 1,January,Q1,2028,Planning and Reflection,Week preparation,Goal alignment,Reserved,Planning and KPI Review,
2028-01-03,Monday,Week 1,January,Q1,2028,Strategic Alignment,Week kickoff and priority setting,Board preparation,AM: Executive sync | PM: Strategic planning,Planning and KPI Review,
2028-01-04,Tuesday,Week 1,January,Q1,2028,Operations,Department reviews and metrics,Operational metrics review,AM: Operations review | PM: Department heads,Planning and KPI Review,
2028-01-05,Wednesday,Week 1,January,Q1,2028,Growth and Development,External engagement and partnerships,Innovation initiatives,AM: External meetings | PM: Partner calls,Planning and KPI Review,
2028-01-06,Thursday,Week 1,January,Q1,2028,People and Culture,Leadership development,Team assessments,AM: 1-on-1s | PM: Team development,Planning and KPI Review,
2028-01-07,Friday,Week 1,January,Q1,2028,Governance and Planning,Board matters and compliance,Week retrospective,AM: Governance | PM: Planning,Planning and KPI Review,
2028-01-08,Saturday,Week 2,January,Q1,2028,Strategic Reserve,Strategic reading and research,Personal development,Reserved,Stakeholder Engagement,
2028-01-09,Sunday,Week 2,January,Q1,2028,Planning and Reflection,Week preparation,Goal alignment,Reserved,Stakeholder Engagement,
2028-01-10,Monday,Week 2,January,Q1,2028,Strategic Alignment,Week kickoff and priority setting,Board preparation,AM: Executive sync | PM: Strategic planning,Stakeholder Engagement,
2028-01-11,Tuesday,Week 2,January,Q1,2028,Operations,Department reviews and metrics,Operational metrics review,AM: Operations review | PM: Department heads,Stakeholder Engagement,
2028-01-12,Wednesday,Week 2,January,Q1,2028,Growth and Development,External engagement and partnerships,Innovation initiatives,AM: External meetings | PM: Partner calls,Stakeholder Engagement,
2028-01-13,Thursday,Week 2,January,Q1,2028,People and Culture,Leadership development,Team assessments,AM: 1-on-1s | PM: Team development,Stakeholder Engagement,
2028-01-14,Friday,Week 2,January,Q1,2028,Governance and Planning,Board matters and compliance,Week retrospective,AM: Governance | PM: Planning,Stakeholder Engagement,
2028-01-15,Saturday,Week 3,January,Q1,2028,Strategic Reserve,Strategic reading and research,Personal development,Reserved,Strategic Initiatives,Mid-month checkpoint
2028-01-16,Sunday,Week 3,January,Q1,2028,Planning and Reflection,Week preparation,Goal alignment,Reserved,Strategic Initiatives,
2028-01-17,Monday,Week 3,January,Q1,2028,Strategic Alignment,Week kickoff and priority setting,Board preparation,AM: Executive sync | PM: Strategic planning,Strategic Initiatives,
2028-01-18,Tuesday,Week 3,January,Q1,2028,Operations,Department reviews and metrics,Operational metrics review,AM: Operations review | PM: Department heads,Strategic Initiatives,
2028-01-19,Wednesday,Week 3,January,Q1,2028,Growth and Development,External engagement and partnerships,Innovation initiatives,AM: External meetings | PM: Partner calls,Strategic Initiatives,
2028-01-20,Thursday,Week 3,January,Q1,2028,People and Culture,Leadership development,Team assessments,AM: 1-on-1s | PM: Team development,Strategic Initiatives,
2028-01-21,Friday,Week 3,January,Q1,2028,Governance and Planning,Board matters and compliance,Week retrospective,AM: Governance | PM: Planning,Strategic Initiatives,
2028-01-22,Saturday,Week 4,January,Q1,2028,Strategic Reserve,Strategic reading and research,Personal development,Reserved,Performance Review,
2028-01-23,Sunday,Week 4,January,Q1,2028,Planning and Reflection,Week preparation,Goal alignment,Reserved,Performance Review,
2028-01-24,Monday,Week 4,January,Q1,2028,Strategic Alignment,Week kickoff and priority setting,Board preparation,AM: Executive sync | PM: Strategic planning,Performance Review,
2028-01-25,Tuesday,Week 4,January,Q1,2028,Operations,Department reviews and metrics,Operational metrics review,AM: Operations review | PM: Department heads,Performance Review,
2028-01-26,Wednesday,Week 4,January,Q1,2028,Growth and Development,External engagement and partnerships,Innovation initiatives,AM: External meetings | PM: Partner calls,Performance Review,
2028-01-27,Thursday,Week 4,January,Q1,2028,People and Culture,Leadership development,Team assessments,AM: 1-on-1s | PM: Team development,Performance Review,
2028-01-28,Friday,Week 4,January,Q1,2028,Governance and Planning,Board matters and compliance,Week retrospective,AM: Governance | PM: Planning,Performance Review,
2028-01-29,Saturday,Week 5,January,Q1,2028,Strategic Reserve,Strategic reading and research,Personal development,Reserved,Month-end Consolidation,
2028-01-30,Sunday,Week 5,January,Q1,2028,Planning and Reflection,Week preparation,Goal alignment,Reserved,Month-end Consolidation,
2028-01-31,Monday,Week 5,January,Q1,2028,Strategic Alignment,Week kickoff and priority setting,Board preparation,AM: Executive sync | PM: Strategic planning,Month-end Consolidation,
2028-02-01,Tuesday,Week 1,February,Q1,2028,Operations,Department reviews and metrics,Operational metrics review,AM: Operations review | PM: Department heads,Planning and KPI Review,Month Start - Full metrics review
2028-02-02,Wednesday,Week 1,February,Q1,2028,Growth and Development,External engagement and partnerships,Innovation initiatives,AM: External meetings | PM: Partner calls,Planning and KPI Review,
2028-02-03,Thursday,Week 1,February,Q1,2028,People and Culture,Leadership development,Team assessments,AM: 1-on-1s | PM: Team development,Planning and KPI Review,
2028-02-04,Friday,Week 1,February,Q1,2028,Governance and Planning,Board matters and compliance,Week retrospective,AM: Governance | PM: Planning,Planning and KPI Review,
2028-02-05,Saturday,Week 1,February,Q1,2028,Strategic Reserve,Strategic reading and research,Personal development,Reserved,Planning and KPI Review,
2028-02-06,Sunday,Week 1,February,Q1,2028,Planning and Reflection,Week preparation,Goal alignment,Reserved,Planning and KPI Review,
2028-02-07,Monday,Week 1,February,Q1,2028,Strategic Alignment,Week kickoff and priority setting,Board preparation,AM: Executive sync | PM: Strategic planning,Planning and KPI Review,
2028-02-08,Tuesday,Week 2,February,Q1,2028,Operations,Department reviews and metrics,Operational metrics review,AM: Operations review | PM: Department heads,Stakeholder Engagement,
2028-02-09,Wednesday,Week 2,February,Q1,2028,Growth and Development,External engagement and partnerships,Innovation initiatives,AM: External meetings | PM: Partner calls,Stakeholder Engagement,
2028-02-10,Thursday,Week 2,February,Q1,2028,People and Culture,Leadership development,Team assessments,AM: 1-on-1s | PM: Team development,Stakeholder Engagement,
2028-02-11,Friday,Week 2,February,Q1,2028,Governance and Planning,Board matters and compliance,Week retrospective,AM: Governance | PM: Planning,Stakeholder Engagement,
2028-02-12,Saturday,Week 2,February,Q1,2028,Strategic Reserve,Strategic reading and research,Personal development,Reserved,Stakeholder Engagement,
2028-02-13,Sunday,Week 2,February,Q1,2028,Planning and Reflection,Week preparation,Goal alignment,Reserved,Stakeholder Engagement,
2028-02-14,Monday,Week 2,February,Q1,2028,Strategic Alignment,Week kickoff and priority setting,Board preparation,AM: Executive sync | PM: Strategic planning,Stakeholder Engagement,
2028-02-15,Tuesday,Week 3,February,Q1,2028,Operations,Department reviews and metrics,Operational metrics review,AM: Operations review | PM: Department heads,Strategic Initiatives,Mid-month checkpoint
2028-02-16,Wednesday,Week 3,February,Q1,2028,Growth and Development,External engagement and partnerships,Innovation initiatives,AM: External meetings | PM: Partner calls,Strategic Initiatives,
2028-02-17,Thursday,Week 3,February,Q1,2028,People and Culture,Leadership development,Team assessments,AM: 1-on-1s | PM: Team development,Strategic Initiatives,
2028-02-18,Friday,Week 3,February,Q1,2028,Governance and Planning,Board matters and compliance,Week retrospective,AM: Governance | PM: Planning,Strategic Initiatives,
2028-02-19,Saturday,Week 3,February,Q1,2028,Strategic Reserve,Strategic reading and research,Personal development,Reserved,Strategic Initiatives,
2028-02-20,Sunday,Week 3,February,Q1,2028,Planning and Reflection,Week preparation,Goal alignment,Reserved,Strategic Initiatives,
2028-02-21,Monday,Week 3,February,Q1,2028,Strategic Alignment,Week kickoff and priority setting,Board preparation,AM: Executive sync | PM: Strategic planning,Strategic Initiatives,
2028-02-22,Tuesday,Week 4,February,Q1,2028,Operations,Department reviews and metrics,Operational metrics review,AM: Operations review | PM: Department heads,Performance Review,
2028-02-23,Wednesday,Week 4,February,Q1,2028,Growth and Development,External engagement and partnerships,Innovation initiatives,AM: External meetings | PM: Partner calls,Performance Review,
2028-02-24,Thursday,Week 4,February,Q1,2028,People and Culture,Leadership development,Team assessments,AM: 1-on-1s | PM: Team development,Performance Review,
2028-02-25,Friday,Week 4,February,Q1,2028,Governance and Planning,Board matters and compliance,Week retrospective,AM: Governance | PM: Planning,Performance Review,
2028-02-26,Saturday,Week 4,February,Q1,2028,Strategic Reserve,Strategic reading and research,Personal development,Reserved,Performance Review,
2028-02-27,Sunday,Week 4,February,Q1,2028,Planning and Reflection,Week preparation,Goal alignment,Reserved,Performance Review,
2028-02-28,Monday,Week 4,February,Q1,2028,Strategic Alignment,Week kickoff and priority setting,Board preparation,AM: Executive sync | PM: Strategic planning,Performance Review,
2028-02-29,Tuesday,Week 5,February,Q1,2028,Operations,Department reviews and metrics,Operational metrics review,AM: Operations review | PM: Department heads,Month-end Consolidation,
2028-03-01,Wednesday,Week 1,March,Q1,2028,Growth and Development,External engagement and partnerships,Innovation initiatives,AM: External meetings | PM: Partner calls,Planning and KPI Review,Month Start - Full metrics review
2028-03-02,Thursday,Week 1,March,Q1,2028,People and Culture,Leadership development,Team assessments,AM: 1-on-1s | PM: Team development,Planning and KPI Review,
2028-03-03,Friday,Week 1,March,Q1,2028,Governance and Planning,Board matters and compliance,Week retrospective,AM: Governance | PM: Planning,Planning and KPI Review,
2028-03-04,Saturday,Week 1,March,Q1,2028,Strategic Reserve,Strategic reading and research,Personal development,Reserved,Planning and KPI Review,
2028-03-05,Sunday,Week 1,March,Q1,2028,Planning and Reflection,Week preparation,Goal alignment,Reserved,Planning and KPI Review,
2028-03-06,Monday,Week 1,March,Q1,2028,Strategic Alignment,Week kickoff and priority setting,Board preparation,AM: Executive sync | PM: Strategic planning,Planning and KPI Review,
2028-03-07,Tuesday,Week 1,March,Q1,2028,Operations,Department reviews and metrics,Operational metrics review,AM: Operations review | PM: Department heads,Planning and KPI Review,
2028-03-08,Wednesday,Week 2,March,Q1,2028,Growth and Development,External engagement and partnerships,Innovation initiatives,AM: External meetings | PM: Partner calls,Stakeholder Engagement,
2028-03-09,Thursday,Week 2,March,Q1,2028,People and Culture,Leadership development,Team assessments,AM: 1-on-1s | PM: Team development,Stakeholder Engagement,
2028-03-10,Friday,Week 2,March,Q1,2028,Governance and Planning,Board matters and compliance,Week retrospective,AM: Governance | PM: Planning,Stakeholder Engagement,
2028-03-11,Saturday,Week 2,March,Q1,2028,Strategic Reserve,Strategic reading and research,Personal development,Reserved,Stakeholder Engagement,
2028-03-12,Sunday,Week 2,March,Q1,2028,Planning and Reflection,Week preparation,Goal alignment,Reserved,Stakeholder Engagement,
2028-03-13,Monday,Week 2,March,Q1,2028,Strategic Alignment,Week kickoff and priority setting,Board preparation,AM: Executive sync | PM: Strategic planning,Stakeholder Engagement,
2028-03-14,Tuesday,Week 2,March,Q1,2028,Operations,Department reviews and metrics,Operational metrics review,AM: Operations review | PM: Department heads,Stakeholder Engagement,
2028-03-15,Wednesday,Week 3,March,Q1,2028,Growth and Development,External engagement and partnerships,Innovation initiatives,AM: External meetings | PM: Partner calls,Strategic Initiatives,Mid-month checkpoint
2028-03-16,Thursday,Week 3,March,Q1,2028,People and Culture,Leadership development,Team assessments,AM: 1-on-1s | PM: Team development,Strategic Initiatives,
2028-03-17,Friday,Week 3,March,Q1,2028,Governance and Planning,Board matters and compliance,Week retrospective,AM: Governance | PM: Planning,Strategic Initiatives,
2028-03-18,Saturday,Week 3,March,Q1,2028,Strategic Reserve,Strategic reading and research,Personal development,Reserved,Strategic Initiatives,
2028-03-19,Sunday,Week 3,March,Q1,2028,Planning and Reflection,Week preparation,Goal alignment,Reserved,Strategic Initiatives,
2028-03-20,Monday,Week 3,March,Q1,2028,Strategic Alignment,Week kickoff and priority setting,Board preparation,AM: Executive sync | PM: Strategic planning,Strategic Initiatives,
2028-03-21,Tuesday,Week 3,March,Q1,2028,Operations,Department reviews and metrics,Operational metrics review,AM: Operations review | PM: Department heads,Strategic Initiatives,
2028-03-22,Wednesday,Week 4,March,Q1,2028,Growth and Development,External engagement and partnerships,Innovation initiatives,AM: External meetings | PM: Partner calls,Performance Review,
2028-03-23,Thursday,Week 4,March,Q1,2028,People and Culture,Leadership development,Team assessments,AM: 1-on-1s | PM: Team development,Performance Review,
2028-03-24,Friday,Week 4,March,Q1,2028,Governance and Planning,Board matters and compliance,Week retrospective,AM: Governance | PM: Planning,Performance Review,
2028-03-25,Saturday,Week 4,March,Q1,2028,Strategic Reserve,Strategic reading and research,Personal development,Reserved,Performance Review,
2028-03-26,Sunday,Week 4,March,Q1,2028,Planning and Reflection,Week preparation,Goal alignment,Reserved,Performance Review,
2028-03-27,Monday,Week 4,March,Q1,2028,Strategic Alignment,Week kickoff and priority setting,Board preparation,AM: Executive sync | PM: Strategic planning,Performance Review,
2028-03-28,Tuesday,Week 4,March,Q1,2028,Operations,Department reviews and metrics,Operational metrics review,AM: Operations review | PM: Department heads,Performance Review,
2028-03-29,Wednesday,Week 5,March,Q1,2028,Growth and Development,External engagement and partnerships,Innovation initiatives,AM: External meetings | PM: Partner calls,Month-end Consolidation,
2028-03-30,Thursday,Week 5,March,Q1,2028,People and Culture,Leadership development,Team assessments,AM: 1-on-1s | PM: Team development,Month-end Consolidation,
2028-03-31,Friday,Week 5,March,Q1,2028,Governance and Planning,Board matters and compliance,Week retrospective,AM: Governance | PM: Planning,Month-end Consolidation,
2028-04-01,Saturday,Week 1,April,Q2,2028,Strategic Reserve,Strategic reading and research,Personal development,Reserved,Planning and KPI Review,Quarter Start - QBR preparation
2028-04-02,Sunday,Week 1,April,Q2,2028,Planning and Reflection,Week preparation,Goal alignment,Reserved,Planning and KPI Review,
2028-04-03,Monday,Week 1,April,Q2,2028,Strategic Alignment,Week kickoff and priority setting,Board preparation,AM: Executive sync | PM: Strategic planning,Planning and KPI Review,
2028-04-04,Tuesday,Week 1,April,Q2,2028,Operations,Department reviews and metrics,Operational metrics review,AM: Operations review | PM: Department heads,Planning and KPI Review,
2028-04-05,Wednesday,Week 1,April,Q2,2028,Growth and Development,External engagement and partnerships,Innovation initiatives,AM: External meetings | PM: Partner calls,Planning and KPI Review,
2028-04-06,Thursday,Week 1,April,Q2,2028,People and Culture,Leadership development,Team assessments,AM: 1-on-1s | PM: Team development,Planning and KPI Review,
2028-04-07,Friday,Week 1,April,Q2,2028,Governance and Planning,Board matters and compliance,Week retrospective,AM: Governance | PM: Planning,Planning and KPI Review,
2028-04-08,Saturday,Week 2,April,Q2,2028,Strategic Reserve,Strategic reading and research,Personal development,Reserved,Stakeholder Engagement,
2028-04-09,Sunday,Week 2,April,Q2,2028,Planning and Reflection,Week preparation,Goal alignment,Reserved,Stakeholder Engagement,
2028-04-10,Monday,Week 2,April,Q2,2028,Strategic Alignment,Week kickoff and priority setting,Board preparation,AM: Executive sync | PM: Strategic planning,Stakeholder Engagement,
2028-04-11,Tuesday,Week 2,April,Q2,2028,Operations,Department reviews and metrics,Operational metrics review,AM: Operations review | PM: Department heads,Stakeholder Engagement,
2028-04-12,Wednesday,Week 2,April,Q2,2028,Growth and Development,External engagement and partnerships,Innovation initiatives,AM: External meetings | PM: Partner calls,Stakeholder Engagement,
2028-04-13,Thursday,Week 2,April,Q2,2028,People and Culture,Leadership development,Team assessments,AM: 1-on-1s | PM: Team development,Stakeholder Engagement,
2028-04-14,Friday,Week 2,April,Q2,2028,Governance and Planning,Board matters and compliance,Week retrospective,AM: Governance | PM: Planning,Stakeholder Engagement,
2028-04-15,Saturday,Week 3,April,Q2,2028,Strategic Reserve,Strategic reading and research,Personal development,Reserved,Strategic Initiatives,Mid-month checkpoint
2028-04-16,Sunday,Week 3,April,Q2,2028,Planning and Reflection,Week preparation,Goal alignment,Reserved,Strategic Initiatives,
2028-04-17,Monday,Week 3,April,Q2,2028,Strategic Alignment,Week kickoff and priority setting,Board preparation,AM: Executive sync | PM: Strategic planning,Strategic Initiatives,
2028-04-18,Tuesday,Week 3,April,Q2,2028,Operations,Department reviews and metrics,Operational metrics review,AM: Operations review | PM: Department heads,Strategic Initiatives,
2028-04-19,Wednesday,Week 3,April,Q2,2028,Growth and Development,External engagement and partnerships,Innovation initiatives,AM: External meetings | PM: Partner calls,Strategic Initiatives,
2028-04-20,Thursday,Week 3,April,Q2,2028,People and Culture,Leadership development,Team assessments,AM: 1-on-1s | PM: Team development,Strategic Initiatives,
2028-04-21,Friday,Week 3,April,Q2,2028,Governance and Planning,Board matters and compliance,Week retrospective,AM: Governance | PM: Planning,Strategic Initiatives,
2028-04-22,Saturday,Week 4,April,Q2,2028,Strategic Reserve,Strategic reading and research,Personal development,Reserved,Performance Review,
2028-04-23,Sunday,Week 4,April,Q2,2028,Planning and Reflection,Week preparation,Goal alignment,Reserved,Performance Review,
2028-04-24,Monday,Week 4,April,Q2,2028,Strategic Alignment,Week kickoff and priority setting,Board preparation,AM: Executive sync | PM: Strategic planning,Performance Review,
2028-04-25,Tuesday,Week 4,April,Q2,2028,Operations,Department reviews and metrics,Operational metrics review,AM: Operations review | PM: Department heads,Performance Review,
2028-04-26,Wednesday,Week 4,April,Q2,2028,Growth and Development,External engagement and partnerships,Innovation initiatives,AM: External meetings | PM: Partner calls,Performance Review,
2028-04-27,Thursday,Week 4,April,Q2,2028,People and Culture,Leadership development,Team assessments,AM: 1-on-1s | PM: Team development,Performance Review,
2028-04-28,Friday,Week 4,April,Q2,2028,Governance and Planning,Board matters and compliance,Week retrospective,AM: Governance | PM: Planning,Performance Review,
2028-04-29,Saturday,Week 5,April,Q2,2028,Strategic Reserve,Strategic reading and research,Personal development,Reserved,Month-end Consolidation,
2028-04-30,Sunday,Week 5,April,Q2,2028,Planning and Reflection,Week preparation,Goal alignment,Reserved,Month-end Consolidation,
2028-05-01,Monday,Week 1,May,Q2,2028,Strategic Alignment,Week kickoff and priority setting,Board preparation,AM: Executive sync | PM: Strategic planning,Planning and KPI Review,Month Start - Full metrics review
2028-05-02,Tuesday,Week 1,May,Q2,2028,Operations,Department reviews and metrics,Operational metrics review,AM: Operations review | PM: Department heads,Planning and KPI Review,
2028-05-03,Wednesday,Week 1,May,Q2,2028,Growth and Development,External engagement and partnerships,Innovation initiatives,AM: External meetings | PM: Partner calls,Planning and KPI Review,
2028-05-04,Thursday,Week 1,May,Q2,2028,People and Culture,Leadership development,Team assessments,AM: 1-on-1s | PM: Team development,Planning and KPI Review,
2028-05-05,Friday,Week 1,May,Q2,2028,Governance and Planning,Board matters and compliance,Week retrospective,AM: Governance | PM: Planning,Planning and KPI Review,
2028-05-06,Saturday,Week 1,May,Q2,2028,Strategic Reserve,Strategic reading and research,Personal development,Reserved,Planning and KPI Review,
2028-05-07,Sunday,Week 1,May,Q2,2028,Planning and Reflection,Week preparation,Goal alignment,Reserved,Planning and KPI Review,
2028-05-08,Monday,Week 2,May,Q2,2028,Strategic Alignment,Week kickoff and priority setting,Board preparation,AM: Executive sync | PM: Strategic planning,Stakeholder Engagement,
2028-05-09,Tuesday,Week 2,May,Q2,2028,Operations,Department reviews and metrics,Operational metrics review,AM: Operations review | PM: Department heads,Stakeholder Engagement,
2028-05-10,Wednesday,Week 2,May,Q2,2028,Growth and Development,External engagement and partnerships,Innovation initiatives,AM: External meetings | PM: Partner calls,Stakeholder Engagement,
2028-05-11,Thursday,Week 2,May,Q2,2028,People and Culture,Leadership development,Team assessments,AM: 1-on-1s | PM: Team development,Stakeholder Engagement,
2028-05-12,Friday,Week 2,May,Q2,2028,Governance and Planning,Board matters and compliance,Week retrospective,AM: Governance | PM: Planning,Stakeholder Engagement,
2028-05-13,Saturday,Week 2,May,Q2,2028,Strategic Reserve,Strategic reading and research,Personal development,Reserved,Stakeholder Engagement,
2028-05-14,Sunday,Week 2,May,Q2,2028,Planning and Reflection,Week preparation,Goal alignment,Reserved,Stakeholder Engagement,
2028-05-15,Monday,Week 3,May,Q2,2028,Strategic Alignment,Week kickoff and priority setting,Board preparation,AM: Executive sync | PM: Strategic planning,Strategic Initiatives,Mid-month checkpoint
2028-05-16,Tuesday,Week 3,May,Q2,2028,Operations,Department reviews and metrics,Operational metrics review,AM: Operations review | PM: Department heads,Strategic Initiatives,
2028-05-17,Wednesday,Week 3,May,Q2,2028,Growth and Development,External engagement and partnerships,Innovation initiatives,AM: External meetings | PM: Partner calls,Strategic Initiatives,
2028-05-18,Thursday,Week 3,May,Q2,2028,People and Culture,Leadership development,Team assessments,AM: 1-on-1s | PM: Team development,Strategic Initiatives,
2028-05-19,Friday,Week 3,May,Q2,2028,Governance and Planning,Board matters and compliance,Week retrospective,AM: Governance | PM: Planning,Strategic Initiatives,
2028-05-20,Saturday,Week 3,May,Q2,2028,Strategic Reserve,Strategic reading and research,Personal development,Reserved,Strategic Initiatives,
2028-05-21,Sunday,Week 3,May,Q2,2028,Planning and Reflection,Week preparation,Goal alignment,Reserved,Strategic Initiatives,
2028-05-22,Monday,Week 4,May,Q2,2028,Strategic Alignment,Week kickoff and priority setting,Board preparation,AM: Executive sync | PM: Strategic planning,Performance Review,
2028-05-23,Tuesday,Week 4,May,Q2,2028,Operations,Department reviews and metrics,Operational metrics review,AM: Operations review | PM: Department heads,Performance Review,
2028-05-24,Wednesday,Week 4,May,Q2,2028,Growth and Development,External engagement and partnerships,Innovation initiatives,AM: External meetings | PM: Partner calls,Performance Review,
2028-05-25,Thursday,Week 4,May,Q2,2028,People and Culture,Leadership development,Team assessments,AM: 1-on-1s | PM: Team development,Performance Review,
2028-05-26,Friday,Week 4,May,Q2,2028,Governance and Planning,Board matters and compliance,Week retrospective,AM: Governance | PM: Planning,Performance Review,
2028-05-27,Saturday,Week 4,May,Q2,2028,Strategic Reserve,Strategic reading and research,Personal development,Reserved,Performance Review,
2028-05-28,Sunday,Week 4,May,Q2,2028,Planning and Reflection,Week preparation,Goal alignment,Reserved,Performance Review,
2028-05-29,Monday,Week 5,May,Q2,2028,Strategic Alignment,Week kickoff and priority setting,Board preparation,AM: Executive sync | PM: Strategic planning,Month-end Consolidation,
2028-05-30,Tuesday,Week 5,May,Q2,2028,Operations,Department reviews and metrics,Operational metrics review,AM: Operations review | PM: Department heads,Month-end Consolidation,
2028-05-31,Wednesday,Week 5,May,Q2,2028,Growth and Development,External engagement and partnerships,Innovation initiatives,AM: External meetings | PM: Partner calls,Month-end Consolidation,
2028-06-01,Thursday,Week 1,June,Q2,2028,People and Culture,Leadership development,Team assessments,AM: 1-on-1s | PM: Team development,Planning and KPI Review,Month Start - Full metrics review
2028-06-02,Friday,Week 1,June,Q2,2028,Governance and Planning,Board matters and compliance,Week retrospective,AM: Governance | PM: Planning,Planning and KPI Review,
2028-06-03,Saturday,Week 1,June,Q2,2028,Strategic Reserve,Strategic reading and research,Personal development,Reserved,Planning and KPI Review,
2028-06-04,Sunday,Week 1,June,Q2,2028,Planning and Reflection,Week preparation,Goal alignment,Reserved,Planning and KPI Review,
2028-06-05,Monday,Week 1,June,Q2,2028,Strategic Alignment,Week kickoff and priority setting,Board preparation,AM: Executive sync | PM: Strategic planning,Planning and KPI Review,
2028-06-06,Tuesday,Week 1,June,Q2,2028,Operations,Department reviews and metrics,Operational metrics review,AM: Operations review | PM: Department heads,Planning and KPI Review,
2028-06-07,Wednesday,Week 1,June,Q2,2028,Growth and Development,External engagement and partnerships,Innovation initiatives,AM: External meetings | PM: Partner calls,Planning and KPI Review,
2028-06-08,Thursday,Week 2,June,Q2,2028,People and Culture,Leadership development,Team assessments,AM: 1-on-1s | PM: Team development,Stakeholder Engagement,
2028-06-09,Friday,Week 2,June,Q2,2028,Governance and Planning,Board matters and compliance,Week retrospective,AM: Governance | PM: Planning,Stakeholder Engagement,
2028-06-10,Saturday,Week 2,June,Q2,2028,Strategic Reserve,Strategic reading and research,Personal development,Reserved,Stakeholder Engagement,
2028-06-11,Sunday,Week 2,June,Q2,2028,Planning and Reflection,Week preparation,Goal alignment,Reserved,Stakeholder Engagement,
2028-06-12,Monday,Week 2,June,Q2,2028,Strategic Alignment,Week kickoff and priority setting,Board preparation,AM: Executive sync | PM: Strategic planning,Stakeholder Engagement,
2028-06-13,Tuesday,Week 2,June,Q2,2028,Operations,Department reviews and metrics,Operational metrics review,AM: Operations review | PM: Department heads,Stakeholder Engagement,
2028-06-14,Wednesday,Week 2,June,Q2,2028,Growth and Development,External engagement and partnerships,Innovation initiatives,AM: External meetings | PM: Partner calls,Stakeholder Engagement,
2028-06-15,Thursday,Week 3,June,Q2,2028,People and Culture,Leadership development,Team assessments,AM: 1-on-1s | PM: Team development,Strategic Initiatives,Mid-month checkpoint
2028-06-16,Friday,Week 3,June,Q2,2028,Governance and Planning,Board matters and compliance,Week retrospective,AM: Governance | PM: Planning,Strategic Initiatives,
2028-06-17,Saturday,Week 3,June,Q2,2028,Strategic Reserve,Strategic reading and research,Personal development,Reserved,Strategic Initiatives,
2028-06-18,Sunday,Week 3,June,Q2,2028,Planning and Reflection,Week preparation,Goal alignment,Reserved,Strategic Initiatives,
2028-06-19,Monday,Week 3,June,Q2,2028,Strategic Alignment,Week kickoff and priority setting,Board preparation,AM: Executive sync | PM: Strategic planning,Strategic Initiatives,
2028-06-20,Tuesday,Week 3,June,Q2,2028,Operations,Department reviews and metrics,Operational metrics review,AM: Operations review | PM: Department heads,Strategic Initiatives,
2028-06-21,Wednesday,Week 3,June,Q2,2028,Growth and Development,External engagement and partnerships,Innovation initiatives,AM: External meetings | PM: Partner calls,Strategic Initiatives,
2028-06-22,Thursday,Week 4,June,Q2,2028,People and Culture,Leadership development,Team assessments,AM: 1-on-1s | PM: Team development,Performance Review,
2028-06-23,Friday,Week 4,June,Q2,2028,Governance and Planning,Board matters and compliance,Week retrospective,AM: Governance | PM: Planning,Performance Review,
2028-06-24,Saturday,Week 4,June,Q2,2028,Strategic Reserve,Strategic reading and research,Personal development,Reserved,Performance Review,
2028-06-25,Sunday,Week 4,June,Q2,2028,Planning and Reflection,Week preparation,Goal alignment,Reserved,Performance Review,
2028-06-26,Monday,Week 4,June,Q2,2028,Strategic Alignment,Week kickoff and priority setting,Board preparation,AM: Executive sync | PM: Strategic planning,Performance Review,
2028-06-27,Tuesday,Week 4,June,Q2,2028,Operations,Department reviews and metrics,Operational metrics review,AM: Operations review | PM: Department heads,Performance Review,
2028-06-28,Wednesday,Week 4,June,Q2,2028,Growth and Development,External engagement and partnerships,Innovation initiatives,AM: External meetings | PM: Partner calls,Performance Review,
2028-06-29,Thursday,Week 5,June,Q2,2028,People and Culture,Leadership development,Team assessments,AM: 1-on-1s | PM: Team development,Month-end Consolidation,
2028-06-30,Friday,Week 5,June,Q2,2028,Governance and Planning,Board matters and compliance,Week retrospective,AM: Governance | PM: Planning,Month-end Consolidation,
2028-07-01,Saturday,Week 1,July,Q3,2028,Strategic Reserve,Strategic reading and research,Personal development,Reserved,Planning and KPI Review,Quarter Start - QBR preparation
2028-07-02,Sunday,Week 1,July,Q3,2028,Planning and Reflection,Week preparation,Goal alignment,Reserved,Planning and KPI Review,
2028-07-03,Monday,Week 1,July,Q3,2028,Strategic Alignment,Week kickoff and priority setting,Board preparation,AM: Executive sync | PM: Strategic planning,Planning and KPI Review,
2028-07-04,Tuesday,Week 1,July,Q3,2028,Operations,Department reviews and metrics,Operational metrics review,AM: Operations review | PM: Department heads,Planning and KPI Review,
2028-07-05,Wednesday,Week 1,July,Q3,2028,Growth and Development,External engagement and partnerships,Innovation initiatives,AM: External meetings | PM: Partner calls,Planning and KPI Review,
2028-07-06,Thursday,Week 1,July,Q3,2028,People and Culture,Leadership development,Team assessments,AM: 1-on-1s | PM: Team development,Planning and KPI Review,
2028-07-07,Friday,Week 1,July,Q3,2028,Governance and Planning,Board matters and compliance,Week retrospective,AM: Governance | PM: Planning,Planning and KPI Review,
2028-07-08,Saturday,Week 2,July,Q3,2028,Strategic Reserve,Strategic reading and research,Personal development,Reserved,Stakeholder Engagement,
2028-07-09,Sunday,Week 2,July,Q3,2028,Planning and Reflection,Week preparation,Goal alignment,Reserved,Stakeholder Engagement,
2028-07-10,Monday,Week 2,July,Q3,2028,Strategic Alignment,Week kickoff and priority setting,Board preparation,AM: Executive sync | PM: Strategic planning,Stakeholder Engagement,
2028-07-11,Tuesday,Week 2,July,Q3,2028,Operations,Department reviews and metrics,Operational metrics review,AM: Operations review | PM: Department heads,Stakeholder Engagement,
2028-07-12,Wednesday,Week 2,July,Q3,2028,Growth and Development,External engagement and partnerships,Innovation initiatives,AM: External meetings | PM: Partner calls,Stakeholder Engagement,
2028-07-13,Thursday,Week 2,July,Q3,2028,People and Culture,Leadership development,Team assessments,AM: 1-on-1s | PM: Team development,Stakeholder Engagement,
2028-07-14,Friday,Week 2,July,Q3,2028,Governance and Planning,Board matters and compliance,Week retrospective,AM: Governance | PM: Planning,Stakeholder Engagement,
2028-07-15,Saturday,Week 3,July,Q3,2028,Strategic Reserve,Strategic reading and research,Personal development,Reserved,Strategic Initiatives,Mid-month checkpoint
2028-07-16,Sunday,Week 3,July,Q3,2028,Planning and Reflection,Week preparation,Goal alignment,Reserved,Strategic Initiatives,
2028-07-17,Monday,Week 3,July,Q3,2028,Strategic Alignment,Week kickoff and priority setting,Board preparation,AM: Executive sync | PM: Strategic planning,Strategic Initiatives,
2028-07-18,Tuesday,Week 3,July,Q3,2028,Operations,Department reviews and metrics,Operational metrics review,AM: Operations review | PM: Department heads,Strategic Initiatives,
2028-07-19,Wednesday,Week 3,July,Q3,2028,Growth and Development,External engagement and partnerships,Innovation initiatives,AM: External meetings | PM: Partner calls,Strategic Initiatives,
2028-07-20,Thursday,Week 3,July,Q3,2028,People and Culture,Leadership development,Team assessments,AM: 1-on-1s | PM: Team development,Strategic Initiatives,
2028-07-21,Friday,Week 3,July,Q3,2028,Governance and Planning,Board matters and compliance,Week retrospective,AM: Governance | PM: Planning,Strategic Initiatives,
2028-07-22,Saturday,Week 4,July,Q3,2028,Strategic Reserve,Strategic reading and research,Personal development,Reserved,Performance Review,
2028-07-23,Sunday,Week 4,July,Q3,2028,Planning and Reflection,Week preparation,Goal alignment,Reserved,Performance Review,
2028-07-24,Monday,Week 4,July,Q3,2028,Strategic Alignment,Week kickoff and priority setting,Board preparation,AM: Executive sync | PM: Strategic planning,Performance Review,
2028-07-25,Tuesday,Week 4,July,Q3,2028,Operations,Department reviews and metrics,Operational metrics review,AM: Operations review | PM: Department heads,Performance Review,
2028-07-26,Wednesday,Week 4,July,Q3,2028,Growth and Development,External engagement and partnerships,Innovation initiatives,AM: External meetings | PM: Partner calls,Performance Review,
2028-07-27,Thursday,Week 4,July,Q3,2028,People and Culture,Leadership development,Team assessments,AM: 1-on-1s | PM: Team development,Performance Review,
2028-07-28,Friday,Week 4,July,Q3,2028,Governance and Planning,Board matters and compliance,Week retrospective,AM: Governance | PM: Planning,Performance Review,
2028-07-29,Saturday,Week 5,July,Q3,2028,Strategic Reserve,Strategic reading and research,Personal development,Reserved,Month-end Consolidation,
2028-07-30,Sunday,Week 5,July,Q3,2028,Planning and Reflection,Week preparation,Goal alignment,Reserved,Month-end Consolidation,
2028-07-31,Monday,Week 5,July,Q3,2028,Strategic Alignment,Week kickoff and priority setting,Board preparation,AM: Executive sync | PM: Strategic planning,Month-end Consolidation,
2028-08-01,Tuesday,Week 1,August,Q3,2028,Operations,Department reviews and metrics,Operational metrics review,AM: Operations review | PM: Department heads,Planning and KPI Review,Month Start - Full metrics review
2028-08-02,Wednesday,Week 1,August,Q3,2028,Growth and Development,External engagement and partnerships,Innovation initiatives,AM: External meetings | PM: Partner calls,Planning and KPI Review,
2028-08-03,Thursday,Week 1,August,Q3,2028,People and Culture,Leadership development,Team assessments,AM: 1-on-1s | PM: Team development,Planning and KPI Review,
2028-08-04,Friday,Week 1,August,Q3,2028,Governance and Planning,Board matters and compliance,Week retrospective,AM: Governance | PM: Planning,Planning and KPI Review,
2028-08-05,Saturday,Week 1,August,Q3,2028,Strategic Reserve,Strategic reading and research,Personal development,Reserved,Planning and KPI Review,
2028-08-06,Sunday,Week 1,August,Q3,2028,Planning and Reflection,Week preparation,Goal alignment,Reserved,Planning and KPI Review,
2028-08-07,Monday,Week 1,August,Q3,2028,Strategic Alignment,Week kickoff and priority setting,Board preparation,AM: Executive sync | PM: Strategic planning,Planning and KPI Review,
2028-08-08,Tuesday,Week 2,August,Q3,2028,Operations,Department reviews and metrics,Operational metrics review,AM: Operations review | PM: Department heads,Stakeholder Engagement,
2028-08-09,Wednesday,Week 2,August,Q3,2028,Growth and Development,External engagement and partnerships,Innovation initiatives,AM: External meetings | PM: Partner calls,Stakeholder Engagement,
2028-08-10,Thursday,Week 2,August,Q3,2028,People and Culture,Leadership development,Team assessments,AM: 1-on-1s | PM: Team development,Stakeholder Engagement,
2028-08-11,Friday,Week 2,August,Q3,2028,Governance and Planning,Board matters and compliance,Week retrospective,AM: Governance | PM: Planning,Stakeholder Engagement,
2028-08-12,Saturday,Week 2,August,Q3,2028,Strategic Reserve,Strategic reading and research,Personal development,Reserved,Stakeholder Engagement,
2028-08-13,Sunday,Week 2,August,Q3,2028,Planning and Reflection,Week preparation,Goal alignment,Reserved,Stakeholder Engagement,
2028-08-14,Monday,Week 2,August,Q3,2028,Strategic Alignment,Week kickoff and priority setting,Board preparation,AM: Executive sync | PM: Strategic planning,Stakeholder Engagement,
2028-08-15,Tuesday,Week 3,August,Q3,2028,Operations,Department reviews and metrics,Operational metrics review,AM: Operations review | PM: Department heads,Strategic Initiatives,Mid-month checkpoint
2028-08-16,Wednesday,Week 3,August,Q3,2028,Growth and Development,External engagement and partnerships,Innovation initiatives,AM: External meetings | PM: Partner calls,Strategic Initiatives,
2028-08-17,Thursday,Week 3,August,Q3,2028,People and Culture,Leadership development,Team assessments,AM: 1-on-1s | PM: Team development,Strategic Initiatives,
2028-08-18,Friday,Week 3,August,Q3,2028,Governance and Planning,Board matters and compliance,Week retrospective,AM: Governance | PM: Planning,Strategic Initiatives,
2028-08-19,Saturday,Week 3,August,Q3,2028,Strategic Reserve,Strategic reading and research,Personal development,Reserved,Strategic Initiatives,
2028-08-20,Sunday,Week 3,August,Q3,2028,Planning and Reflection,Week preparation,Goal alignment,Reserved,Strategic Initiatives,
2028-08-21,Monday,Week 3,August,Q3,2028,Strategic Alignment,Week kickoff and priority setting,Board preparation,AM: Executive sync | PM: Strategic planning,Strategic Initiatives,
2028-08-22,Tuesday,Week 4,August,Q3,2028,Operations,Department reviews and metrics,Operational metrics review,AM: Operations review | PM: Department heads,Performance Review,
2028-08-23,Wednesday,Week 4,August,Q3,2028,Growth and Development,External engagement and partnerships,Innovation initiatives,AM: External meetings | PM: Partner calls,Performance Review,
2028-08-24,Thursday,Week 4,August,Q3,2028,People and Culture,Leadership development,Team assessments,AM: 1-on-1s | PM: Team development,Performance Review,
2028-08-25,Friday,Week 4,August,Q3,2028,Governance and Planning,Board matters and compliance,Week retrospective,AM: Governance | PM: Planning,Performance Review,
2028-08-26,Saturday,Week 4,August,Q3,2028,Strategic Reserve,Strategic reading and research,Personal development,Reserved,Performance Review,
2028-08-27,Sunday,Week 4,August,Q3,2028,Planning and Reflection,Week preparation,Goal alignment,Reserved,Performance Review,
2028-08-28,Monday,Week 4,August,Q3,2028,Strategic Alignment,Week kickoff and priority setting,Board preparation,AM: Executive sync | PM: Strategic planning,Performance Review,
2028-08-29,Tuesday,Week 5,August,Q3,2028,Operations,Department reviews and metrics,Operational metrics review,AM: Operations review | PM: Department heads,Month-end Consolidation,
2028-08-30,Wednesday,Week 5,August,Q3,2028,Growth and Development,External engagement and partnerships,Innovation initiatives,AM: External meetings | PM: Partner calls,Month-end Consolidation,
2028-08-31,Thursday,Week 5,August,Q3,2028,People and Culture,Leadership development,Team assessments,AM: 1-on-1s | PM: Team development,Month-end Consolidation,
2028-09-01,Friday,Week 1,September,Q3,2028,Governance and Planning,Board matters and compliance,Week retrospective,AM: Governance | PM: Planning,Planning and KPI Review,Month Start - Full metrics review
2028-09-02,Saturday,Week 1,September,Q3,2028,Strategic Reserve,Strategic reading and research,Personal development,Reserved,Planning and KPI Review,
2028-09-03,Sunday,Week 1,September,Q3,2028,Planning and Reflection,Week preparation,Goal alignment,Reserved,Planning and KPI Review,
2028-09-04,Monday,Week 1,September,Q3,2028,Strategic Alignment,Week kickoff and priority setting,Board preparation,AM: Executive sync | PM: Strategic planning,Planning and KPI Review,
2028-09-05,Tuesday,Week 1,September,Q3,2028,Operations,Department reviews and metrics,Operational metrics review,AM: Operations review | PM: Department heads,Planning and KPI Review,
2028-09-06,Wednesday,Week 1,September,Q3,2028,Growth and Development,External engagement and partnerships,Innovation initiatives,AM: External meetings | PM: Partner calls,Planning and KPI Review,
2028-09-07,Thursday,Week 1,September,Q3,2028,People and Culture,Leadership development,Team assessments,AM: 1-on-1s | PM: Team development,Planning and KPI Review,
2028-09-08,Friday,Week 2,September,Q3,2028,Governance and Planning,Board matters and compliance,Week retrospective,AM: Governance | PM: Planning,Stakeholder Engagement,
2028-09-09,Saturday,Week 2,September,Q3,2028,Strategic Reserve,Strategic reading and research,Personal development,Reserved,Stakeholder Engagement,
2028-09-10,Sunday,Week 2,September,Q3,2028,Planning and Reflection,Week preparation,Goal alignment,Reserved,Stakeholder Engagement,
2028-09-11,Monday,Week 2,September,Q3,2028,Strategic Alignment,Week kickoff and priority setting,Board preparation,AM: Executive sync | PM: Strategic planning,Stakeholder Engagement,
2028-09-12,Tuesday,Week 2,September,Q3,2028,Operations,Department reviews and metrics,Operational metrics review,AM: Operations review | PM: Department heads,Stakeholder Engagement,
2028-09-13,Wednesday,Week 2,September,Q3,2028,Growth and Development,External engagement and partnerships,Innovation initiatives,AM: External meetings | PM: Partner calls,Stakeholder Engagement,
2028-09-14,Thursday,Week 2,September,Q3,2028,People and Culture,Leadership development,Team assessments,AM: 1-on-1s | PM: Team development,Stakeholder Engagement,
2028-09-15,Friday,Week 3,September,Q3,2028,Governance and Planning,Board matters and compliance,Week retrospective,AM: Governance | PM: Planning,Strategic Initiatives,Mid-month checkpoint
2028-09-16,Saturday,Week 3,September,Q3,2028,Strategic Reserve,Strategic reading and research,Personal development,Reserved,Strategic Initiatives,
2028-09-17,Sunday,Week 3,September,Q3,2028,Planning and Reflection,Week preparation,Goal alignment,Reserved,Strategic Initiatives,
2028-09-18,Monday,Week 3,September,Q3,2028,Strategic Alignment,Week kickoff and priority setting,Board preparation,AM: Executive sync | PM: Strategic planning,Strategic Initiatives,
2028-09-19,Tuesday,Week 3,September,Q3,2028,Operations,Department reviews and metrics,Operational metrics review,AM: Operations review | PM: Department heads,Strategic Initiatives,
2028-09-20,Wednesday,Week 3,September,Q3,2028,Growth and Development,External engagement and partnerships,Innovation initiatives,AM: External meetings | PM: Partner calls,Strategic Initiatives,
2028-09-21,Thursday,Week 3,September,Q3,2028,People and Culture,Leadership development,Team assessments,AM: 1-on-1s | PM: Team development,Strategic Initiatives,
2028-09-22,Friday,Week 4,September,Q3,2028,Governance and Planning,Board matters and compliance,Week retrospective,AM: Governance | PM: Planning,Performance Review,
2028-09-23,Saturday,Week 4,September,Q3,2028,Strategic Reserve,Strategic reading and research,Personal development,Reserved,Performance Review,
2028-09-24,Sunday,Week 4,September,Q3,2028,Planning and Reflection,Week preparation,Goal alignment,Reserved,Performance Review,
2028-09-25,Monday,Week 4,September,Q3,2028,Strategic Alignment,Week kickoff and priority setting,Board preparation,AM: Executive sync | PM: Strategic planning,Performance Review,
2028-09-26,Tuesday,Week 4,September,Q3,2028,Operations,Department reviews and metrics,Operational metrics review,AM: Operations review | PM: Department heads,Performance Review,
2028-09-27,Wednesday,Week 4,September,Q3,2028,Growth and Development,External engagement and partnerships,Innovation initiatives,AM: External meetings | PM: Partner calls,Performance Review,
2028-09-28,Thursday,Week 4,September,Q3,2028,People and Culture,Leadership development,Team assessments,AM: 1-on-1s | PM: Team development,Performance Review,
2028-09-29,Friday,Week 5,September,Q3,2028,Governance and Planning,Board matters and compliance,Week retrospective,AM: Governance | PM: Planning,Month-end Consolidation,
2028-09-30,Saturday,Week 5,September,Q3,2028,Strategic Reserve,Strategic reading and research,Personal development,Reserved,Month-end Consolidation,
2028-10-01,Sunday,Week 1,October,Q4,2028,Planning and Reflection,Week preparation,Goal alignment,Reserved,Planning and KPI Review,Quarter Start - QBR preparation
2028-10-02,Monday,Week 1,October,Q4,2028,Strategic Alignment,Week kickoff and priority setting,Board preparation,AM: Executive sync | PM: Strategic planning,Planning and KPI Review,
2028-10-03,Tuesday,Week 1,October,Q4,2028,Operations,Department reviews and metrics,Operational metrics review,AM: Operations review | PM: Department heads,Planning and KPI Review,
2028-10-04,Wednesday,Week 1,October,Q4,2028,Growth and Development,External engagement and partnerships,Innovation initiatives,AM: External meetings | PM: Partner calls,Planning and KPI Review,
2028-10-05,Thursday,Week 1,October,Q4,2028,People and Culture,Leadership development,Team assessments,AM: 1-on-1s | PM: Team development,Planning and KPI Review,
2028-10-06,Friday,Week 1,October,Q4,2028,Governance and Planning,Board matters and compliance,Week retrospective,AM: Governance | PM: Planning,Planning and KPI Review,
2028-10-07,Saturday,Week 1,October,Q4,2028,Strategic Reserve,Strategic reading and research,Personal development,Reserved,Planning and KPI Review,
2028-10-08,Sunday,Week 2,October,Q4,2028,Planning and Reflection,Week preparation,Goal alignment,Reserved,Stakeholder Engagement,
2028-10-09,Monday,Week 2,October,Q4,2028,Strategic Alignment,Week kickoff and priority setting,Board preparation,AM: Executive sync | PM: Strategic planning,Stakeholder Engagement,
2028-10-10,Tuesday,Week 2,October,Q4,2028,Operations,Department reviews and metrics,Operational metrics review,AM: Operations review | PM: Department heads,Stakeholder Engagement,
2028-10-11,Wednesday,Week 2,October,Q4,2028,Growth and Development,External engagement and partnerships,Innovation initiatives,AM: External meetings | PM: Partner calls,Stakeholder Engagement,
2028-10-12,Thursday,Week 2,October,Q4,2028,People and Culture,Leadership development,Team assessments,AM: 1-on-1s | PM: Team development,Stakeholder Engagement,
2028-10-13,Friday,Week 2,October,Q4,2028,Governance and Planning,Board matters and compliance,Week retrospective,AM: Governance | PM: Planning,Stakeholder Engagement,
2028-10-14,Saturday,Week 2,October,Q4,2028,Strategic Reserve,Strategic reading and research,Personal development,Reserved,Stakeholder Engagement,
2028-10-15,Sunday,Week 3,October,Q4,2028,Planning and Reflection,Week preparation,Goal alignment,Reserved,Strategic Initiatives,Mid-month checkpoint
2028-10-16,Monday,Week 3,October,Q4,2028,Strategic Alignment,Week kickoff and priority setting,Board preparation,AM: Executive sync | PM: Strategic planning,Strategic Initiatives,
2028-10-17,Tuesday,Week 3,October,Q4,2028,Operations,Department reviews and metrics,Operational metrics review,AM: Operations review | PM: Department heads,Strategic Initiatives,
2028-10-18,Wednesday,Week 3,October,Q4,2028,Growth and Development,External engagement and partnerships,Innovation initiatives,AM: External meetings | PM: Partner calls,Strategic Initiatives,
2028-10-19,Thursday,Week 3,October,Q4,2028,People and Culture,Leadership development,Team assessments,AM: 1-on-1s | PM: Team development,Strategic Initiatives,
2028-10-20,Friday,Week 3,October,Q4,2028,Governance and Planning,Board matters and compliance,Week retrospective,AM: Governance | PM: Planning,Strategic Initiatives,
2028-10-21,Saturday,Week 3,October,Q4,2028,Strategic Reserve,Strategic reading and research,Personal development,Reserved,Strategic Initiatives,
2028-10-22,Sunday,Week 4,October,Q4,2028,Planning and Reflection,Week preparation,Goal alignment,Reserved,Performance Review,
2028-10-23,Monday,Week 4,October,Q4,2028,Strategic Alignment,Week kickoff and priority setting,Board preparation,AM: Executive sync | PM: Strategic planning,Performance Review,
2028-10-24,Tuesday,Week 4,October,Q4,2028,Operations,Department reviews and metrics,Operational metrics review,AM: Operations review | PM: Department heads,Performance Review,
2028-10-25,Wednesday,Week 4,October,Q4,2028,Growth and Development,External engagement and partnerships,Innovation initiatives,AM: External meetings | PM: Partner calls,Performance Review,
2028-10-26,Thursday,Week 4,October,Q4,2028,People and Culture,Leadership development,Team assessments,AM: 1-on-1s | PM: Team development,Performance Review,
2028-10-27,Friday,Week 4,October,Q4,2028,Governance and Planning,Board matters and compliance,Week retrospective,AM: Governance | PM: Planning,Performance Review,
2028-10-28,Saturday,Week 4,October,Q4,2028,Strategic Reserve,Strategic reading and research,Personal development,Reserved,Performance Review,
2028-10-29,Sunday,Week 5,October,Q4,2028,Planning and Reflection,Week preparation,Goal alignment,Reserved,Month-end Consolidation,
2028-10-30,Monday,Week 5,October,Q4,2028,Strategic Alignment,Week kickoff and priority setting,Board preparation,AM: Executive sync | PM: Strategic planning,Month-end Consolidation,
2028-10-31,Tuesday,Week 5,October,Q4,2028,Operations,Department reviews and metrics,Operational metrics review,AM: Operations review | PM: Department heads,Month-end Consolidation,
2028-11-01,Wednesday,Week 1,November,Q4,2028,Growth and Development,External engagement and partnerships,Innovation initiatives,AM: External meetings | PM: Partner calls,Planning and KPI Review,Month Start - Full metrics review
2028-11-02,Thursday,Week 1,November,Q4,2028,People and Culture,Leadership development,Team assessments,AM: 1-on-1s | PM: Team development,Planning and KPI Review,
2028-11-03,Friday,Week 1,November,Q4,2028,Governance and Planning,Board matters and compliance,Week retrospective,AM: Governance | PM: Planning,Planning and KPI Review,
2028-11-04,Saturday,Week 1,November,Q4,2028,Strategic Reserve,Strategic reading and research,Personal development,Reserved,Planning and KPI Review,
2028-11-05,Sunday,Week 1,November,Q4,2028,Planning and Reflection,Week preparation,Goal alignment,Reserved,Planning and KPI Review,
2028-11-06,Monday,Week 1,November,Q4,2028,Strategic Alignment,Week kickoff and priority setting,Board preparation,AM: Executive sync | PM: Strategic planning,Planning and KPI Review,
2028-11-07,Tuesday,Week 1,November,Q4,2028,Operations,Department reviews and metrics,Operational metrics review,AM: Operations review | PM: Department heads,Planning and KPI Review,
2028-11-08,Wednesday,Week 2,November,Q4,2028,Growth and Development,External engagement and partnerships,Innovation initiatives,AM: External meetings | PM: Partner calls,Stakeholder Engagement,
2028-11-09,Thursday,Week 2,November,Q4,2028,People and Culture,Leadership development,Team assessments,AM: 1-on-1s | PM: Team development,Stakeholder Engagement,
2028-11-10,Friday,Week 2,November,Q4,2028,Governance and Planning,Board matters and compliance,Week retrospective,AM: Governance | PM: Planning,Stakeholder Engagement,
2028-11-11,Saturday,Week 2,November,Q4,2028,Strategic Reserve,Strategic reading and research,Personal development,Reserved,Stakeholder Engagement,
2028-11-12,Sunday,Week 2,November,Q4,2028,Planning and Reflection,Week preparation,Goal alignment,Reserved,Stakeholder Engagement,
2028-11-13,Monday,Week 2,November,Q4,2028,Strategic Alignment,Week kickoff and priority setting,Board preparation,AM: Executive sync | PM: Strategic planning,Stakeholder Engagement,
2028-11-14,Tuesday,Week 2,November,Q4,2028,Operations,Department reviews and metrics,Operational metrics review,AM: Operations review | PM: Department heads,Stakeholder Engagement,
2028-11-15,Wednesday,Week 3,November,Q4,2028,Growth and Development,External engagement and partnerships,Innovation initiatives,AM: External meetings | PM: Partner calls,Strategic Initiatives,Mid-month checkpoint
2028-11-16,Thursday,Week 3,November,Q4,2028,People and Culture,Leadership development,Team assessments,AM: 1-on-1s | PM: Team development,Strategic Initiatives,
2028-11-17,Friday,Week 3,November,Q4,2028,Governance and Planning,Board matters and compliance,Week retrospective,AM: Governance | PM: Planning,Strategic Initiatives,
2028-11-18,Saturday,Week 3,November,Q4,2028,Strategic Reserve,Strategic reading and research,Personal development,Reserved,Strategic Initiatives,
2028-11-19,Sunday,Week 3,November,Q4,2028,Planning and Reflection,Week preparation,Goal alignment,Reserved,Strategic Initiatives,
2028-11-20,Monday,Week 3,November,Q4,2028,Strategic Alignment,Week kickoff and priority setting,Board preparation,AM: Executive sync | PM: Strategic planning,Strategic Initiatives,
2028-11-21,Tuesday,Week 3,November,Q4,2028,Operations,Department reviews and metrics,Operational metrics review,AM: Operations review | PM: Department heads,Strategic Initiatives,
2028-11-22,Wednesday,Week 4,November,Q4,2028,Growth and Development,External engagement and partnerships,Innovation initiatives,AM: External meetings | PM: Partner calls,Performance Review,
2028-11-23,Thursday,Week 4,November,Q4,2028,People and Culture,Leadership development,Team assessments,AM: 1-on-1s | PM: Team development,Performance Review,
2028-11-24,Friday,Week 4,November,Q4,2028,Governance and Planning,Board matters and compliance,Week retrospective,AM: Governance | PM: Planning,Performance Review,
2028-11-25,Saturday,Week 4,November,Q4,2028,Strategic Reserve,Strategic reading and research,Personal development,Reserved,Performance Review,
2028-11-26,Sunday,Week 4,November,Q4,2028,Planning and Reflection,Week preparation,Goal alignment,Reserved,Performance Review,
2028-11-27,Monday,Week 4,November,Q4,2028,Strategic Alignment,Week kickoff and priority setting,Board preparation,AM: Executive sync | PM: Strategic planning,Performance Review,
2028-11-28,Tuesday,Week 4,November,Q4,2028,Operations,Department reviews and metrics,Operational metrics review,AM: Operations review | PM: Department heads,Performance Review,
2028-11-29,Wednesday,Week 5,November,Q4,2028,Growth and Development,External engagement and partnerships,Innovation initiatives,AM: External meetings | PM: Partner calls,Month-end Consolidation,
2028-11-30,Thursday,Week 5,November,Q4,2028,People and Culture,Leadership development,Team assessments,AM: 1-on-1s | PM: Team development,Month-end Consolidation,
2028-12-01,Friday,Week 1,December,Q4,2028,Governance and Planning,Board matters and compliance,Week retrospective,AM: Governance | PM: Planning,Planning and KPI Review,Month Start - Full metrics review
2028-12-02,Saturday,Week 1,December,Q4,2028,Strategic Reserve,Strategic reading and research,Personal development,Reserved,Planning and KPI Review,
2028-12-03,Sunday,Week 1,December,Q4,2028,Planning and Reflection,Week preparation,Goal alignment,Reserved,Planning and KPI Review,
2028-12-04,Monday,Week 1,December,Q4,2028,Strategic Alignment,Week kickoff and priority setting,Board preparation,AM: Executive sync | PM: Strategic planning,Planning and KPI Review,
2028-12-05,Tuesday,Week 1,December,Q4,2028,Operations,Department reviews and metrics,Operational metrics review,AM: Operations review | PM: Department heads,Planning and KPI Review,
2028-12-06,Wednesday,Week 1,December,Q4,2028,Growth and Development,External engagement and partnerships,Innovation initiatives,AM: External meetings | PM: Partner calls,Planning and KPI Review,
2028-12-07,Thursday,Week 1,December,Q4,2028,People and Culture,Leadership development,Team assessments,AM: 1-on-1s | PM: Team development,Planning and KPI Review,
2028-12-08,Friday,Week 2,December,Q4,2028,Governance and Planning,Board matters and compliance,Week retrospective,AM: Governance | PM: Planning,Stakeholder Engagement,
2028-12-09,Saturday,Week 2,December,Q4,2028,Strategic Reserve,Strategic reading and research,Personal development,Reserved,Stakeholder Engagement,
2028-12-10,Sunday,Week 2,December,Q4,2028,Planning and Reflection,Week preparation,Goal alignment,Reserved,Stakeholder Engagement,
2028-12-11,Monday,Week 2,December,Q4,2028,Strategic Alignment,Week kickoff and priority setting,Board preparation,AM: Executive sync | PM: Strategic planning,Stakeholder Engagement,
2028-12-12,Tuesday,Week 2,December,Q4,2028,Operations,Department reviews and metrics,Operational metrics review,AM: Operations review | PM: Department heads,Stakeholder Engagement,
2028-12-13,Wednesday,Week 2,December,Q4,2028,Growth and Development,External engagement and partnerships,Innovation initiatives,AM: External meetings | PM: Partner calls,Stakeholder Engagement,
2028-12-14,Thursday,Week 2,December,Q4,2028,People and Culture,Leadership development,Team assessments,AM: 1-on-1s | PM: Team development,Stakeholder Engagement,
2028-12-15,Friday,Week 3,December,Q4,2028,Governance and Planning,Board matters and compliance,Week retrospective,AM: Governance | PM: Planning,Strategic Initiatives,Mid-month checkpoint
2028-12-16,Saturday,Week 3,December,Q4,2028,Strategic Reserve,Strategic reading and research,Personal development,Reserved,Strategic Initiatives,
2028-12-17,Sunday,Week 3,December,Q4,2028,Planning and Reflection,Week preparation,Goal alignment,Reserved,Strategic Initiatives,
2028-12-18,Monday,Week 3,December,Q4,2028,Strategic Alignment,Week kickoff and priority setting,Board preparation,AM: Executive sync | PM: Strategic planning,Strategic Initiatives,
2028-12-19,Tuesday,Week 3,December,Q4,2028,Operations,Department reviews and metrics,Operational metrics review,AM: Operations review | PM: Department heads,Strategic Initiatives,
2028-12-20,Wednesday,Week 3,December,Q4,2028,Growth and Development,External engagement and partnerships,Innovation initiatives,AM: External meetings | PM: Partner calls,Strategic Initiatives,
2028-12-21,Thursday,Week 3,December,Q4,2028,People and Culture,Leadership development,Team assessments,AM: 1-on-1s | PM: Team development,Strategic Initiatives,
2028-12-22,Friday,Week 4,December,Q4,2028,Governance and Planning,Board matters and compliance,Week retrospective,AM: Governance | PM: Planning,Performance Review,
2028-12-23,Saturday,Week 4,December,Q4,2028,Strategic Reserve,Strategic reading and research,Personal development,Reserved,Performance Review,
2028-12-24,Sunday,Week 4,December,Q4,2028,Planning and Reflection,Week preparation,Goal alignment,Reserved,Performance Review,
2028-12-25,Monday,Week 4,December,Q4,2028,Strategic Alignment,Week kickoff and priority setting,Board preparation,AM: Executive sync | PM: Strategic planning,Performance Review,
2028-12-26,Tuesday,Week 4,December,Q4,2028,Operations,Department reviews and metrics,Operational metrics review,AM: Operations review | PM: Department heads,Performance Review,
2028-12-27,Wednesday,Week 4,December,Q4,2028,Growth and Development,External engagement and partnerships,Innovation initiatives,AM: External meetings | PM: Partner calls,Performance Review,
2028-12-28,Thursday,Week 4,December,Q4,2028,People and Culture,Leadership development,Team assessments,AM: 1-on-1s | PM: Team development,Performance Review,
2028-12-29,Friday,Week 5,December,Q4,2028,Governance and Planning,Board matters and compliance,Week retrospective,AM: Governance | PM: Planning,Month-end Consolidation,
2028-12-30,Saturday,Week 5,December,Q4,2028,Strategic Reserve,Strategic reading and research,Personal development,Reserved,Month-end Consolidation,
2028-12-31,Sunday,Week 5,December,Q4,2028,Planning and Reflection,Week preparation,Goal alignment,Reserved,Month-end Consolidation,Year End - Annual retrospective
2029-01-01,Monday,Week 1,January,Q1,2029,Strategic Alignment,Week kickoff and priority setting,Board preparation,AM: Executive sync | PM: Strategic planning,Planning and KPI Review,Quarter Start - QBR preparation
2029-01-02,Tuesday,Week 1,January,Q1,2029,Operations,Department reviews and metrics,Operational metrics review,AM: Operations review | PM: Department heads,Planning and KPI Review,
2029-01-03,Wednesday,Week 1,January,Q1,2029,Growth and Development,External engagement and partnerships,Innovation initiatives,AM: External meetings | PM: Partner calls,Planning and KPI Review,
2029-01-04,Thursday,Week 1,January,Q1,2029,People and Culture,Leadership development,Team assessments,AM: 1-on-1s | PM: Team development,Planning and KPI Review,
2029-01-05,Friday,Week 1,January,Q1,2029,Governance and Planning,Board matters and compliance,Week retrospective,AM: Governance | PM: Planning,Planning and KPI Review,
2029-01-06,Saturday,Week 1,January,Q1,2029,Strategic Reserve,Strategic reading and research,Personal development,Reserved,Planning and KPI Review,
2029-01-07,Sunday,Week 1,January,Q1,2029,Planning and Reflection,Week preparation,Goal alignment,Reserved,Planning and KPI Review,
2029-01-08,Monday,Week 2,January,Q1,2029,Strategic Alignment,Week kickoff and priority setting,Board preparation,AM: Executive sync | PM: Strategic planning,Stakeholder Engagement,
2029-01-09,Tuesday,Week 2,January,Q1,2029,Operations,Department reviews and metrics,Operational metrics review,AM: Operations review | PM: Department heads,Stakeholder Engagement,
2029-01-10,Wednesday,Week 2,January,Q1,2029,Growth and Development,External engagement and partnerships,Innovation initiatives,AM: External meetings | PM: Partner calls,Stakeholder Engagement,
2029-01-11,Thursday,Week 2,January,Q1,2029,People and Culture,Leadership development,Team assessments,AM: 1-on-1s | PM: Team development,Stakeholder Engagement,
2029-01-12,Friday,Week 2,January,Q1,2029,Governance and Planning,Board matters and compliance,Week retrospective,AM: Governance | PM: Planning,Stakeholder Engagement,
2029-01-13,Saturday,Week 2,January,Q1,2029,Strategic Reserve,Strategic reading and research,Personal development,Reserved,Stakeholder Engagement,
2029-01-14,Sunday,Week 2,January,Q1,2029,Planning and Reflection,Week preparation,Goal alignment,Reserved,Stakeholder Engagement,
2029-01-15,Monday,Week 3,January,Q1,2029,Strategic Alignment,Week kickoff and priority setting,Board preparation,AM: Executive sync | PM: Strategic planning,Strategic Initiatives,Mid-month checkpoint
2029-01-16,Tuesday,Week 3,January,Q1,2029,Operations,Department reviews and metrics,Operational metrics review,AM: Operations review | PM: Department heads,Strategic Initiatives,
2029-01-17,Wednesday,Week 3,January,Q1,2029,Growth and Development,External engagement and partnerships,Innovation initiatives,AM: External meetings | PM: Partner calls,Strategic Initiatives,
2029-01-18,Thursday,Week 3,January,Q1,2029,People and Culture,Leadership development,Team assessments,AM: 1-on-1s | PM: Team development,Strategic Initiatives,
2029-01-19,Friday,Week 3,January,Q1,2029,Governance and Planning,Board matters and compliance,Week retrospective,AM: Governance | PM: Planning,Strategic Initiatives,
2029-01-20,Saturday,Week 3,January,Q1,2029,Strategic Reserve,Strategic reading and research,Personal development,Reserved,Strategic Initiatives,
2029-01-21,Sunday,Week 3,January,Q1,2029,Planning and Reflection,Week preparation,Goal alignment,Reserved,Strategic Initiatives,
2029-01-22,Monday,Week 4,January,Q1,2029,Strategic Alignment,Week kickoff and priority setting,Board preparation,AM: Executive sync | PM: Strategic planning,Performance Review,
2029-01-23,Tuesday,Week 4,January,Q1,2029,Operations,Department reviews and metrics,Operational metrics review,AM: Operations review | PM: Department heads,Performance Review,
2029-01-24,Wednesday,Week 4,January,Q1,2029,Growth and Development,External engagement and partnerships,Innovation initiatives,AM: External meetings | PM: Partner calls,Performance Review,
2029-01-25,Thursday,Week 4,January,Q1,2029,People and Culture,Leadership development,Team assessments,AM: 1-on-1s | PM: Team development,Performance Review,
2029-01-26,Friday,Week 4,January,Q1,2029,Governance and Planning,Board matters and compliance,Week retrospective,AM: Governance | PM: Planning,Performance Review,
2029-01-27,Saturday,Week 4,January,Q1,2029,Strategic Reserve,Strategic reading and research,Personal development,Reserved,Performance Review,
2029-01-28,Sunday,Week 4,January,Q1,2029,Planning and Reflection,Week preparation,Goal alignment,Reserved,Performance Review,
2029-01-29,Monday,Week 5,January,Q1,2029,Strategic Alignment,Week kickoff and priority setting,Board preparation,AM: Executive sync | PM: Strategic planning,Month-end Consolidation,
2029-01-30,Tuesday,Week 5,January,Q1,2029,Operations,Department reviews and metrics,Operational metrics review,AM: Operations review | PM: Department heads,Month-end Consolidation,
2029-01-31,Wednesday,Week 5,January,Q1,2029,Growth and Development,External engagement and partnerships,Innovation initiatives,AM: External meetings | PM: Partner calls,Month-end Consolidation,
2029-02-01,Thursday,Week 1,February,Q1,2029,People and Culture,Leadership development,Team assessments,AM: 1-on-1s | PM: Team development,Planning and KPI Review,Month Start - Full metrics review
2029-02-02,Friday,Week 1,February,Q1,2029,Governance and Planning,Board matters and compliance,Week retrospective,AM: Governance | PM: Planning,Planning and KPI Review,
2029-02-03,Saturday,Week 1,February,Q1,2029,Strategic Reserve,Strategic reading and research,Personal development,Reserved,Planning and KPI Review,
2029-02-04,Sunday,Week 1,February,Q1,2029,Planning and Reflection,Week preparation,Goal alignment,Reserved,Planning and KPI Review,
2029-02-05,Monday,Week 1,February,Q1,2029,Strategic Alignment,Week kickoff and priority setting,Board preparation,AM: Executive sync | PM: Strategic planning,Planning and KPI Review,
2029-02-06,Tuesday,Week 1,February,Q1,2029,Operations,Department reviews and metrics,Operational metrics review,AM: Operations review | PM: Department heads,Planning and KPI Review,
2029-02-07,Wednesday,Week 1,February,Q1,2029,Growth and Development,External engagement and partnerships,Innovation initiatives,AM: External meetings | PM: Partner calls,Planning and KPI Review,
2029-02-08,Thursday,Week 2,February,Q1,2029,People and Culture,Leadership development,Team assessments,AM: 1-on-1s | PM: Team development,Stakeholder Engagement,
2029-02-09,Friday,Week 2,February,Q1,2029,Governance and Planning,Board matters and compliance,Week retrospective,AM: Governance | PM: Planning,Stakeholder Engagement,
2029-02-10,Saturday,Week 2,February,Q1,2029,Strategic Reserve,Strategic reading and research,Personal development,Reserved,Stakeholder Engagement,
2029-02-11,Sunday,Week 2,February,Q1,2029,Planning and Reflection,Week preparation,Goal alignment,Reserved,Stakeholder Engagement,
2029-02-12,Monday,Week 2,February,Q1,2029,Strategic Alignment,Week kickoff and priority setting,Board preparation,AM: Executive sync | PM: Strategic planning,Stakeholder Engagement,
2029-02-13,Tuesday,Week 2,February,Q1,2029,Operations,Department reviews and metrics,Operational metrics review,AM: Operations review | PM: Department heads,Stakeholder Engagement,
2029-02-14,Wednesday,Week 2,February,Q1,2029,Growth and Development,External engagement and partnerships,Innovation initiatives,AM: External meetings | PM: Partner calls,Stakeholder Engagement,
2029-02-15,Thursday,Week 3,February,Q1,2029,People and Culture,Leadership development,Team assessments,AM: 1-on-1s | PM: Team development,Strategic Initiatives,Mid-month checkpoint
2029-02-16,Friday,Week 3,February,Q1,2029,Governance and Planning,Board matters and compliance,Week retrospective,AM: Governance | PM: Planning,Strategic Initiatives,
2029-02-17,Saturday,Week 3,February,Q1,2029,Strategic Reserve,Strategic reading and research,Personal development,Reserved,Strategic Initiatives,
2029-02-18,Sunday,Week 3,February,Q1,2029,Planning and Reflection,Week preparation,Goal alignment,Reserved,Strategic Initiatives,
2029-02-19,Monday,Week 3,February,Q1,2029,Strategic Alignment,Week kickoff and priority setting,Board preparation,AM: Executive sync | PM: Strategic planning,Strategic Initiatives,
2029-02-20,Tuesday,Week 3,February,Q1,2029,Operations,Department reviews and metrics,Operational metrics review,AM: Operations review | PM: Department heads,Strategic Initiatives,
2029-02-21,Wednesday,Week 3,February,Q1,2029,Growth and Development,External engagement and partnerships,Innovation initiatives,AM: External meetings | PM: Partner calls,Strategic Initiatives,
2029-02-22,Thursday,Week 4,February,Q1,2029,People and Culture,Leadership development,Team assessments,AM: 1-on-1s | PM: Team development,Performance Review,
2029-02-23,Friday,Week 4,February,Q1,2029,Governance and Planning,Board matters and compliance,Week retrospective,AM: Governance | PM: Planning,Performance Review,
2029-02-24,Saturday,Week 4,February,Q1,2029,Strategic Reserve,Strategic reading and research,Personal development,Reserved,Performance Review,
2029-02-25,Sunday,Week 4,February,Q1,2029,Planning and Reflection,Week preparation,Goal alignment,Reserved,Performance Review,
2029-02-26,Monday,Week 4,February,Q1,2029,Strategic Alignment,Week kickoff and priority setting,Board preparation,AM: Executive sync | PM: Strategic planning,Performance Review,
2029-02-27,Tuesday,Week 4,February,Q1,2029,Operations,Department reviews and metrics,Operational metrics review,AM: Operations review | PM: Department heads,Performance Review,
2029-02-28,Wednesday,Week 4,February,Q1,2029,Growth and Development,External engagement and partnerships,Innovation initiatives,AM: External meetings | PM: Partner calls,Performance Review,
2029-03-01,Thursday,Week 1,March,Q1,2029,People and Culture,Leadership development,Team assessments,AM: 1-on-1s | PM: Team development,Planning and KPI Review,Month Start - Full metrics review
2029-03-02,Friday,Week 1,March,Q1,2029,Governance and Planning,Board matters and compliance,Week retrospective,AM: Governance | PM: Planning,Planning and KPI Review,
2029-03-03,Saturday,Week 1,March,Q1,2029,Strategic Reserve,Strategic reading and research,Personal development,Reserved,Planning and KPI Review,
2029-03-04,Sunday,Week 1,March,Q1,2029,Planning and Reflection,Week preparation,Goal alignment,Reserved,Planning and KPI Review,
2029-03-05,Monday,Week 1,March,Q1,2029,Strategic Alignment,Week kickoff and priority setting,Board preparation,AM: Executive sync | PM: Strategic planning,Planning and KPI Review,
2029-03-06,Tuesday,Week 1,March,Q1,2029,Operations,Department reviews and metrics,Operational metrics review,AM: Operations review | PM: Department heads,Planning and KPI Review,
2029-03-07,Wednesday,Week 1,March,Q1,2029,Growth and Development,External engagement and partnerships,Innovation initiatives,AM: External meetings | PM: Partner calls,Planning and KPI Review,
2029-03-08,Thursday,Week 2,March,Q1,2029,People and Culture,Leadership development,Team assessments,AM: 1-on-1s | PM: Team development,Stakeholder Engagement,
2029-03-09,Friday,Week 2,March,Q1,2029,Governance and Planning,Board matters and compliance,Week retrospective,AM: Governance | PM: Planning,Stakeholder Engagement,
2029-03-10,Saturday,Week 2,March,Q1,2029,Strategic Reserve,Strategic reading and research,Personal development,Reserved,Stakeholder Engagement,
2029-03-11,Sunday,Week 2,March,Q1,2029,Planning and Reflection,Week preparation,Goal alignment,Reserved,Stakeholder Engagement,
2029-03-12,Monday,Week 2,March,Q1,2029,Strategic Alignment,Week kickoff and priority setting,Board preparation,AM: Executive sync | PM: Strategic planning,Stakeholder Engagement,
2029-03-13,Tuesday,Week 2,March,Q1,2029,Operations,Department reviews and metrics,Operational metrics review,AM: Operations review | PM: Department heads,Stakeholder Engagement,
2029-03-14,Wednesday,Week 2,March,Q1,2029,Growth and Development,External engagement and partnerships,Innovation initiatives,AM: External meetings | PM: Partner calls,Stakeholder Engagement,
2029-03-15,Thursday,Week 3,March,Q1,2029,People and Culture,Leadership development,Team assessments,AM: 1-on-1s | PM: Team development,Strategic Initiatives,Mid-month checkpoint
2029-03-16,Friday,Week 3,March,Q1,2029,Governance and Planning,Board matters and compliance,Week retrospective,AM: Governance | PM: Planning,Strategic Initiatives,
2029-03-17,Saturday,Week 3,March,Q1,2029,Strategic Reserve,Strategic reading and research,Personal development,Reserved,Strategic Initiatives,
2029-03-18,Sunday,Week 3,March,Q1,2029,Planning and Reflection,Week preparation,Goal alignment,Reserved,Strategic Initiatives,
2029-03-19,Monday,Week 3,March,Q1,2029,Strategic Alignment,Week kickoff and priority setting,Board preparation,AM: Executive sync | PM: Strategic planning,Strategic Initiatives,
2029-03-20,Tuesday,Week 3,March,Q1,2029,Operations,Department reviews and metrics,Operational metrics review,AM: Operations review | PM: Department heads,Strategic Initiatives,
2029-03-21,Wednesday,Week 3,March,Q1,2029,Growth and Development,External engagement and partnerships,Innovation initiatives,AM: External meetings | PM: Partner calls,Strategic Initiatives,
2029-03-22,Thursday,Week 4,March,Q1,2029,People and Culture,Leadership development,Team assessments,AM: 1-on-1s | PM: Team development,Performance Review,
2029-03-23,Friday,Week 4,March,Q1,2029,Governance and Planning,Board matters and compliance,Week retrospective,AM: Governance | PM: Planning,Performance Review,
2029-03-24,Saturday,Week 4,March,Q1,2029,Strategic Reserve,Strategic reading and research,Personal development,Reserved,Performance Review,
2029-03-25,Sunday,Week 4,March,Q1,2029,Planning and Reflection,Week preparation,Goal alignment,Reserved,Performance Review,
2029-03-26,Monday,Week 4,March,Q1,2029,Strategic Alignment,Week kickoff and priority setting,Board preparation,AM: Executive sync | PM: Strategic planning,Performance Review,
2029-03-27,Tuesday,Week 4,March,Q1,2029,Operations,Department reviews and metrics,Operational metrics review,AM: Operations review | PM: Department heads,Performance Review,
2029-03-28,Wednesday,Week 4,March,Q1,2029,Growth and Development,External engagement and partnerships,Innovation initiatives,AM: External meetings | PM: Partner calls,Performance Review,
2029-03-29,Thursday,Week 5,March,Q1,2029,People and Culture,Leadership development,Team assessments,AM: 1-on-1s | PM: Team development,Month-end Consolidation,
2029-03-30,Friday,Week 5,March,Q1,2029,Governance and Planning,Board matters and compliance,Week retrospective,AM: Governance | PM: Planning,Month-end Consolidation,
2029-03-31,Saturday,Week 5,March,Q1,2029,Strategic Reserve,Strategic reading and research,Personal development,Reserved,Month-end Consolidation,
2029-04-01,Sunday,Week 1,April,Q2,2029,Planning and Reflection,Week preparation,Goal alignment,Reserved,Planning and KPI Review,Quarter Start - QBR preparation
2029-04-02,Monday,Week 1,April,Q2,2029,Strategic Alignment,Week kickoff and priority setting,Board preparation,AM: Executive sync | PM: Strategic planning,Planning and KPI Review,
2029-04-03,Tuesday,Week 1,April,Q2,2029,Operations,Department reviews and metrics,Operational metrics review,AM: Operations review | PM: Department heads,Planning and KPI Review,
2029-04-04,Wednesday,Week 1,April,Q2,2029,Growth and Development,External engagement and partnerships,Innovation initiatives,AM: External meetings | PM: Partner calls,Planning and KPI Review,
2029-04-05,Thursday,Week 1,April,Q2,2029,People and Culture,Leadership development,Team assessments,AM: 1-on-1s | PM: Team development,Planning and KPI Review,
2029-04-06,Friday,Week 1,April,Q2,2029,Governance and Planning,Board matters and compliance,Week retrospective,AM: Governance | PM: Planning,Planning and KPI Review,
2029-04-07,Saturday,Week 1,April,Q2,2029,Strategic Reserve,Strategic reading and research,Personal development,Reserved,Planning and KPI Review,
2029-04-08,Sunday,Week 2,April,Q2,2029,Planning and Reflection,Week preparation,Goal alignment,Reserved,Stakeholder Engagement,
2029-04-09,Monday,Week 2,April,Q2,2029,Strategic Alignment,Week kickoff and priority setting,Board preparation,AM: Executive sync | PM: Strategic planning,Stakeholder Engagement,
2029-04-10,Tuesday,Week 2,April,Q2,2029,Operations,Department reviews and metrics,Operational metrics review,AM: Operations review | PM: Department heads,Stakeholder Engagement,
2029-04-11,Wednesday,Week 2,April,Q2,2029,Growth and Development,External engagement and partnerships,Innovation initiatives,AM: External meetings | PM: Partner calls,Stakeholder Engagement,
2029-04-12,Thursday,Week 2,April,Q2,2029,People and Culture,Leadership development,Team assessments,AM: 1-on-1s | PM: Team development,Stakeholder Engagement,
2029-04-13,Friday,Week 2,April,Q2,2029,Governance and Planning,Board matters and compliance,Week retrospective,AM: Governance | PM: Planning,Stakeholder Engagement,
2029-04-14,Saturday,Week 2,April,Q2,2029,Strategic Reserve,Strategic reading and research,Personal development,Reserved,Stakeholder Engagement,
2029-04-15,Sunday,Week 3,April,Q2,2029,Planning and Reflection,Week preparation,Goal alignment,Reserved,Strategic Initiatives,Mid-month checkpoint
2029-04-16,Monday,Week 3,April,Q2,2029,Strategic Alignment,Week kickoff and priority setting,Board preparation,AM: Executive sync | PM: Strategic planning,Strategic Initiatives,
2029-04-17,Tuesday,Week 3,April,Q2,2029,Operations,Department reviews and metrics,Operational metrics review,AM: Operations review | PM: Department heads,Strategic Initiatives,
2029-04-18,Wednesday,Week 3,April,Q2,2029,Growth and Development,External engagement and partnerships,Innovation initiatives,AM: External meetings | PM: Partner calls,Strategic Initiatives,
2029-04-19,Thursday,Week 3,April,Q2,2029,People and Culture,Leadership development,Team assessments,AM: 1-on-1s | PM: Team development,Strategic Initiatives,
2029-04-20,Friday,Week 3,April,Q2,2029,Governance and Planning,Board matters and compliance,Week retrospective,AM: Governance | PM: Planning,Strategic Initiatives,
2029-04-21,Saturday,Week 3,April,Q2,2029,Strategic Reserve,Strategic reading and research,Personal development,Reserved,Strategic Initiatives,
2029-04-22,Sunday,Week 4,April,Q2,2029,Planning and Reflection,Week preparation,Goal alignment,Reserved,Performance Review,
2029-04-23,Monday,Week 4,April,Q2,2029,Strategic Alignment,Week kickoff and priority setting,Board preparation,AM: Executive sync | PM: Strategic planning,Performance Review,
2029-04-24,Tuesday,Week 4,April,Q2,2029,Operations,Department reviews and metrics,Operational metrics review,AM: Operations review | PM: Department heads,Performance Review,
2029-04-25,Wednesday,Week 4,April,Q2,2029,Growth and Development,External engagement and partnerships,Innovation initiatives,AM: External meetings | PM: Partner calls,Performance Review,
2029-04-26,Thursday,Week 4,April,Q2,2029,People and Culture,Leadership development,Team assessments,AM: 1-on-1s | PM: Team development,Performance Review,
2029-04-27,Friday,Week 4,April,Q2,2029,Governance and Planning,Board matters and compliance,Week retrospective,AM: Governance | PM: Planning,Performance Review,
2029-04-28,Saturday,Week 4,April,Q2,2029,Strategic Reserve,Strategic reading and research,Personal development,Reserved,Performance Review,
2029-04-29,Sunday,Week 5,April,Q2,2029,Planning and Reflection,Week preparation,Goal alignment,Reserved,Month-end Consolidation,
2029-04-30,Monday,Week 5,April,Q2,2029,Strategic Alignment,Week kickoff and priority setting,Board preparation,AM: Executive sync | PM: Strategic planning,Month-end Consolidation,
2029-05-01,Tuesday,Week 1,May,Q2,2029,Operations,Department reviews and metrics,Operational metrics review,AM: Operations review | PM: Department heads,Planning and KPI Review,Month Start - Full metrics review
2029-05-02,Wednesday,Week 1,May,Q2,2029,Growth and Development,External engagement and partnerships,Innovation initiatives,AM: External meetings | PM: Partner calls,Planning and KPI Review,
2029-05-03,Thursday,Week 1,May,Q2,2029,People and Culture,Leadership development,Team assessments,AM: 1-on-1s | PM: Team development,Planning and KPI Review,
2029-05-04,Friday,Week 1,May,Q2,2029,Governance and Planning,Board matters and compliance,Week retrospective,AM: Governance | PM: Planning,Planning and KPI Review,
2029-05-05,Saturday,Week 1,May,Q2,2029,Strategic Reserve,Strategic reading and research,Personal development,Reserved,Planning and KPI Review,
2029-05-06,Sunday,Week 1,May,Q2,2029,Planning and Reflection,Week preparation,Goal alignment,Reserved,Planning and KPI Review,
2029-05-07,Monday,Week 1,May,Q2,2029,Strategic Alignment,Week kickoff and priority setting,Board preparation,AM: Executive sync | PM: Strategic planning,Planning and KPI Review,
2029-05-08,Tuesday,Week 2,May,Q2,2029,Operations,Department reviews and metrics,Operational metrics review,AM: Operations review | PM: Department heads,Stakeholder Engagement,
2029-05-09,Wednesday,Week 2,May,Q2,2029,Growth and Development,External engagement and partnerships,Innovation initiatives,AM: External meetings | PM: Partner calls,Stakeholder Engagement,
2029-05-10,Thursday,Week 2,May,Q2,2029,People and Culture,Leadership development,Team assessments,AM: 1-on-1s | PM: Team development,Stakeholder Engagement,
2029-05-11,Friday,Week 2,May,Q2,2029,Governance and Planning,Board matters and compliance,Week retrospective,AM: Governance | PM: Planning,Stakeholder Engagement,
2029-05-12,Saturday,Week 2,May,Q2,2029,Strategic Reserve,Strategic reading and research,Personal development,Reserved,Stakeholder Engagement,
2029-05-13,Sunday,Week 2,May,Q2,2029,Planning and Reflection,Week preparation,Goal alignment,Reserved,Stakeholder Engagement,
2029-05-14,Monday,Week 2,May,Q2,2029,Strategic Alignment,Week kickoff and priority setting,Board preparation,AM: Executive sync | PM: Strategic planning,Stakeholder Engagement,
2029-05-15,Tuesday,Week 3,May,Q2,2029,Operations,Department reviews and metrics,Operational metrics review,AM: Operations review | PM: Department heads,Strategic Initiatives,Mid-month checkpoint
2029-05-16,Wednesday,Week 3,May,Q2,2029,Growth and Development,External engagement and partnerships,Innovation initiatives,AM: External meetings | PM: Partner calls,Strategic Initiatives,
2029-05-17,Thursday,Week 3,May,Q2,2029,People and Culture,Leadership development,Team assessments,AM: 1-on-1s | PM: Team development,Strategic Initiatives,
2029-05-18,Friday,Week 3,May,Q2,2029,Governance and Planning,Board matters and compliance,Week retrospective,AM: Governance | PM: Planning,Strategic Initiatives,
2029-05-19,Saturday,Week 3,May,Q2,2029,Strategic Reserve,Strategic reading and research,Personal development,Reserved,Strategic Initiatives,
2029-05-20,Sunday,Week 3,May,Q2,2029,Planning and Reflection,Week preparation,Goal alignment,Reserved,Strategic Initiatives,
2029-05-21,Monday,Week 3,May,Q2,2029,Strategic Alignment,Week kickoff and priority setting,Board preparation,AM: Executive sync | PM: Strategic planning,Strategic Initiatives,
2029-05-22,Tuesday,Week 4,May,Q2,2029,Operations,Department reviews and metrics,Operational metrics review,AM: Operations review | PM: Department heads,Performance Review,
2029-05-23,Wednesday,Week 4,May,Q2,2029,Growth and Development,External engagement and partnerships,Innovation initiatives,AM: External meetings | PM: Partner calls,Performance Review,
2029-05-24,Thursday,Week 4,May,Q2,2029,People and Culture,Leadership development,Team assessments,AM: 1-on-1s | PM: Team development,Performance Review,
2029-05-25,Friday,Week 4,May,Q2,2029,Governance and Planning,Board matters and compliance,Week retrospective,AM: Governance | PM: Planning,Performance Review,
2029-05-26,Saturday,Week 4,May,Q2,2029,Strategic Reserve,Strategic reading and research,Personal development,Reserved,Performance Review,
2029-05-27,Sunday,Week 4,May,Q2,2029,Planning and Reflection,Week preparation,Goal alignment,Reserved,Performance Review,
2029-05-28,Monday,Week 4,May,Q2,2029,Strategic Alignment,Week kickoff and priority setting,Board preparation,AM: Executive sync | PM: Strategic planning,Performance Review,
2029-05-29,Tuesday,Week 5,May,Q2,2029,Operations,Department reviews and metrics,Operational metrics review,AM: Operations review | PM: Department heads,Month-end Consolidation,
2029-05-30,Wednesday,Week 5,May,Q2,2029,Growth and Development,External engagement and partnerships,Innovation initiatives,AM: External meetings | PM: Partner calls,Month-end Consolidation,
2029-05-31,Thursday,Week 5,May,Q2,2029,People and Culture,Leadership development,Team assessments,AM: 1-on-1s | PM: Team development,Month-end Consolidation,
2029-06-01,Friday,Week 1,June,Q2,2029,Governance and Planning,Board matters and compliance,Week retrospective,AM: Governance | PM: Planning,Planning and KPI Review,Month Start - Full metrics review
2029-06-02,Saturday,Week 1,June,Q2,2029,Strategic Reserve,Strategic reading and research,Personal development,Reserved,Planning and KPI Review,
2029-06-03,Sunday,Week 1,June,Q2,2029,Planning and Reflection,Week preparation,Goal alignment,Reserved,Planning and KPI Review,
2029-06-04,Monday,Week 1,June,Q2,2029,Strategic Alignment,Week kickoff and priority setting,Board preparation,AM: Executive sync | PM: Strategic planning,Planning and KPI Review,
2029-06-05,Tuesday,Week 1,June,Q2,2029,Operations,Department reviews and metrics,Operational metrics review,AM: Operations review | PM: Department heads,Planning and KPI Review,
2029-06-06,Wednesday,Week 1,June,Q2,2029,Growth and Development,External engagement and partnerships,Innovation initiatives,AM: External meetings | PM: Partner calls,Planning and KPI Review,
2029-06-07,Thursday,Week 1,June,Q2,2029,People and Culture,Leadership development,Team assessments,AM: 1-on-1s | PM: Team development,Planning and KPI Review,
2029-06-08,Friday,Week 2,June,Q2,2029,Governance and Planning,Board matters and compliance,Week retrospective,AM: Governance | PM: Planning,Stakeholder Engagement,
2029-06-09,Saturday,Week 2,June,Q2,2029,Strategic Reserve,Strategic reading and research,Personal development,Reserved,Stakeholder Engagement,
2029-06-10,Sunday,Week 2,June,Q2,2029,Planning and Reflection,Week preparation,Goal alignment,Reserved,Stakeholder Engagement,
2029-06-11,Monday,Week 2,June,Q2,2029,Strategic Alignment,Week kickoff and priority setting,Board preparation,AM: Executive sync | PM: Strategic planning,Stakeholder Engagement,
2029-06-12,Tuesday,Week 2,June,Q2,2029,Operations,Department reviews and metrics,Operational metrics review,AM: Operations review | PM: Department heads,Stakeholder Engagement,
2029-06-13,Wednesday,Week 2,June,Q2,2029,Growth and Development,External engagement and partnerships,Innovation initiatives,AM: External meetings | PM: Partner calls,Stakeholder Engagement,
2029-06-14,Thursday,Week 2,June,Q2,2029,People and Culture,Leadership development,Team assessments,AM: 1-on-1s | PM: Team development,Stakeholder Engagement,
2029-06-15,Friday,Week 3,June,Q2,2029,Governance and Planning,Board matters and compliance,Week retrospective,AM: Governance | PM: Planning,Strategic Initiatives,Mid-month checkpoint
2029-06-16,Saturday,Week 3,June,Q2,2029,Strategic Reserve,Strategic reading and research,Personal development,Reserved,Strategic Initiatives,
2029-06-17,Sunday,Week 3,June,Q2,2029,Planning and Reflection,Week preparation,Goal alignment,Reserved,Strategic Initiatives,
2029-06-18,Monday,Week 3,June,Q2,2029,Strategic Alignment,Week kickoff and priority setting,Board preparation,AM: Executive sync | PM: Strategic planning,Strategic Initiatives,
2029-06-19,Tuesday,Week 3,June,Q2,2029,Operations,Department reviews and metrics,Operational metrics review,AM: Operations review | PM: Department heads,Strategic Initiatives,
2029-06-20,Wednesday,Week 3,June,Q2,2029,Growth and Development,External engagement and partnerships,Innovation initiatives,AM: External meetings | PM: Partner calls,Strategic Initiatives,
2029-06-21,Thursday,Week 3,June,Q2,2029,People and Culture,Leadership development,Team assessments,AM: 1-on-1s | PM: Team development,Strategic Initiatives,
2029-06-22,Friday,Week 4,June,Q2,2029,Governance and Planning,Board matters and compliance,Week retrospective,AM: Governance | PM: Planning,Performance Review,
2029-06-23,Saturday,Week 4,June,Q2,2029,Strategic Reserve,Strategic reading and research,Personal development,Reserved,Performance Review,
2029-06-24,Sunday,Week 4,June,Q2,2029,Planning and Reflection,Week preparation,Goal alignment,Reserved,Performance Review,
2029-06-25,Monday,Week 4,June,Q2,2029,Strategic Alignment,Week kickoff and priority setting,Board preparation,AM: Executive sync | PM: Strategic planning,Performance Review,
2029-06-26,Tuesday,Week 4,June,Q2,2029,Operations,Department reviews and metrics,Operational metrics review,AM: Operations review | PM: Department heads,Performance Review,
2029-06-27,Wednesday,Week 4,June,Q2,2029,Growth and Development,External engagement and partnerships,Innovation initiatives,AM: External meetings | PM: Partner calls,Performance Review,
2029-06-28,Thursday,Week 4,June,Q2,2029,People and Culture,Leadership development,Team assessments,AM: 1-on-1s | PM: Team development,Performance Review,
2029-06-29,Friday,Week 5,June,Q2,2029,Governance and Planning,Board matters and compliance,Week retrospective,AM: Governance | PM: Planning,Month-end Consolidation,
2029-06-30,Saturday,Week 5,June,Q2,2029,Strategic Reserve,Strategic reading and research,Personal development,Reserved,Month-end Consolidation,
2029-07-01,Sunday,Week 1,July,Q3,2029,Planning and Reflection,Week preparation,Goal alignment,Reserved,Planning and KPI Review,Quarter Start - QBR preparation
2029-07-02,Monday,Week 1,July,Q3,2029,Strategic Alignment,Week kickoff and priority setting,Board preparation,AM: Executive sync | PM: Strategic planning,Planning and KPI Review,
2029-07-03,Tuesday,Week 1,July,Q3,2029,Operations,Department reviews and metrics,Operational metrics review,AM: Operations review | PM: Department heads,Planning and KPI Review,
2029-07-04,Wednesday,Week 1,July,Q3,2029,Growth and Development,External engagement and partnerships,Innovation initiatives,AM: External meetings | PM: Partner calls,Planning and KPI Review,
2029-07-05,Thursday,Week 1,July,Q3,2029,People and Culture,Leadership development,Team assessments,AM: 1-on-1s | PM: Team development,Planning and KPI Review,
2029-07-06,Friday,Week 1,July,Q3,2029,Governance and Planning,Board matters and compliance,Week retrospective,AM: Governance | PM: Planning,Planning and KPI Review,
2029-07-07,Saturday,Week 1,July,Q3,2029,Strategic Reserve,Strategic reading and research,Personal development,Reserved,Planning and KPI Review,
2029-07-08,Sunday,Week 2,July,Q3,2029,Planning and Reflection,Week preparation,Goal alignment,Reserved,Stakeholder Engagement,
2029-07-09,Monday,Week 2,July,Q3,2029,Strategic Alignment,Week kickoff and priority setting,Board preparation,AM: Executive sync | PM: Strategic planning,Stakeholder Engagement,
2029-07-10,Tuesday,Week 2,July,Q3,2029,Operations,Department reviews and metrics,Operational metrics review,AM: Operations review | PM: Department heads,Stakeholder Engagement,
2029-07-11,Wednesday,Week 2,July,Q3,2029,Growth and Development,External engagement and partnerships,Innovation initiatives,AM: External meetings | PM: Partner calls,Stakeholder Engagement,
2029-07-12,Thursday,Week 2,July,Q3,2029,People and Culture,Leadership development,Team assessments,AM: 1-on-1s | PM: Team development,Stakeholder Engagement,
2029-07-13,Friday,Week 2,July,Q3,2029,Governance and Planning,Board matters and compliance,Week retrospective,AM: Governance | PM: Planning,Stakeholder Engagement,
2029-07-14,Saturday,Week 2,July,Q3,2029,Strategic Reserve,Strategic reading and research,Personal development,Reserved,Stakeholder Engagement,
2029-07-15,Sunday,Week 3,July,Q3,2029,Planning and Reflection,Week preparation,Goal alignment,Reserved,Strategic Initiatives,Mid-month checkpoint
2029-07-16,Monday,Week 3,July,Q3,2029,Strategic Alignment,Week kickoff and priority setting,Board preparation,AM: Executive sync | PM: Strategic planning,Strategic Initiatives,
2029-07-17,Tuesday,Week 3,July,Q3,2029,Operations,Department reviews and metrics,Operational metrics review,AM: Operations review | PM: Department heads,Strategic Initiatives,
2029-07-18,Wednesday,Week 3,July,Q3,2029,Growth and Development,External engagement and partnerships,Innovation initiatives,AM: External meetings | PM: Partner calls,Strategic Initiatives,
2029-07-19,Thursday,Week 3,July,Q3,2029,People and Culture,Leadership development,Team assessments,AM: 1-on-1s | PM: Team development,Strategic Initiatives,
2029-07-20,Friday,Week 3,July,Q3,2029,Governance and Planning,Board matters and compliance,Week retrospective,AM: Governance | PM: Planning,Strategic Initiatives,
2029-07-21,Saturday,Week 3,July,Q3,2029,Strategic Reserve,Strategic reading and research,Personal development,Reserved,Strategic Initiatives,
2029-07-22,Sunday,Week 4,July,Q3,2029,Planning and Reflection,Week preparation,Goal alignment,Reserved,Performance Review,
2029-07-23,Monday,Week 4,July,Q3,2029,Strategic Alignment,Week kickoff and priority setting,Board preparation,AM: Executive sync | PM: Strategic planning,Performance Review,
2029-07-24,Tuesday,Week 4,July,Q3,2029,Operations,Department reviews and metrics,Operational metrics review,AM: Operations review | PM: Department heads,Performance Review,
2029-07-25,Wednesday,Week 4,July,Q3,2029,Growth and Development,External engagement and partnerships,Innovation initiatives,AM: External meetings | PM: Partner calls,Performance Review,
2029-07-26,Thursday,Week 4,July,Q3,2029,People and Culture,Leadership development,Team assessments,AM: 1-on-1s | PM: Team development,Performance Review,
2029-07-27,Friday,Week 4,July,Q3,2029,Governance and Planning,Board matters and compliance,Week retrospective,AM: Governance | PM: Planning,Performance Review,
2029-07-28,Saturday,Week 4,July,Q3,2029,Strategic Reserve,Strategic reading and research,Personal development,Reserved,Performance Review,
2029-07-29,Sunday,Week 5,July,Q3,2029,Planning and Reflection,Week preparation,Goal alignment,Reserved,Month-end Consolidation,
2029-07-30,Monday,Week 5,July,Q3,2029,Strategic Alignment,Week kickoff and priority setting,Board preparation,AM: Executive sync | PM: Strategic planning,Month-end Consolidation,
2029-07-31,Tuesday,Week 5,July,Q3,2029,Operations,Department reviews and metrics,Operational metrics review,AM: Operations review | PM: Department heads,Month-end Consolidation,
2029-08-01,Wednesday,Week 1,August,Q3,2029,Growth and Development,External engagement and partnerships,Innovation initiatives,AM: External meetings | PM: Partner calls,Planning and KPI Review,Month Start - Full metrics review
2029-08-02,Thursday,Week 1,August,Q3,2029,People and Culture,Leadership development,Team assessments,AM: 1-on-1s | PM: Team development,Planning and KPI Review,
2029-08-03,Friday,Week 1,August,Q3,2029,Governance and Planning,Board matters and compliance,Week retrospective,AM: Governance | PM: Planning,Planning and KPI Review,
2029-08-04,Saturday,Week 1,August,Q3,2029,Strategic Reserve,Strategic reading and research,Personal development,Reserved,Planning and KPI Review,
2029-08-05,Sunday,Week 1,August,Q3,2029,Planning and Reflection,Week preparation,Goal alignment,Reserved,Planning and KPI Review,
2029-08-06,Monday,Week 1,August,Q3,2029,Strategic Alignment,Week kickoff and priority setting,Board preparation,AM: Executive sync | PM: Strategic planning,Planning and KPI Review,
2029-08-07,Tuesday,Week 1,August,Q3,2029,Operations,Department reviews and metrics,Operational metrics review,AM: Operations review | PM: Department heads,Planning and KPI Review,
2029-08-08,Wednesday,Week 2,August,Q3,2029,Growth and Development,External engagement and partnerships,Innovation initiatives,AM: External meetings | PM: Partner calls,Stakeholder Engagement,
2029-08-09,Thursday,Week 2,August,Q3,2029,People and Culture,Leadership development,Team assessments,AM: 1-on-1s | PM: Team development,Stakeholder Engagement,
2029-08-10,Friday,Week 2,August,Q3,2029,Governance and Planning,Board matters and compliance,Week retrospective,AM: Governance | PM: Planning,Stakeholder Engagement,
2029-08-11,Saturday,Week 2,August,Q3,2029,Strategic Reserve,Strategic reading and research,Personal development,Reserved,Stakeholder Engagement,
2029-08-12,Sunday,Week 2,August,Q3,2029,Planning and Reflection,Week preparation,Goal alignment,Reserved,Stakeholder Engagement,
2029-08-13,Monday,Week 2,August,Q3,2029,Strategic Alignment,Week kickoff and priority setting,Board preparation,AM: Executive sync | PM: Strategic planning,Stakeholder Engagement,
2029-08-14,Tuesday,Week 2,August,Q3,2029,Operations,Department reviews and metrics,Operational metrics review,AM: Operations review | PM: Department heads,Stakeholder Engagement,
2029-08-15,Wednesday,Week 3,August,Q3,2029,Growth and Development,External engagement and partnerships,Innovation initiatives,AM: External meetings | PM: Partner calls,Strategic Initiatives,Mid-month checkpoint
2029-08-16,Thursday,Week 3,August,Q3,2029,People and Culture,Leadership development,Team assessments,AM: 1-on-1s | PM: Team development,Strategic Initiatives,
2029-08-17,Friday,Week 3,August,Q3,2029,Governance and Planning,Board matters and compliance,Week retrospective,AM: Governance | PM: Planning,Strategic Initiatives,
2029-08-18,Saturday,Week 3,August,Q3,2029,Strategic Reserve,Strategic reading and research,Personal development,Reserved,Strategic Initiatives,
2029-08-19,Sunday,Week 3,August,Q3,2029,Planning and Reflection,Week preparation,Goal alignment,Reserved,Strategic Initiatives,
2029-08-20,Monday,Week 3,August,Q3,2029,Strategic Alignment,Week kickoff and priority setting,Board preparation,AM: Executive sync | PM: Strategic planning,Strategic Initiatives,
2029-08-21,Tuesday,Week 3,August,Q3,2029,Operations,Department reviews and metrics,Operational metrics review,AM: Operations review | PM: Department heads,Strategic Initiatives,
2029-08-22,Wednesday,Week 4,August,Q3,2029,Growth and Development,External engagement and partnerships,Innovation initiatives,AM: External meetings | PM: Partner calls,Performance Review,
2029-08-23,Thursday,Week 4,August,Q3,2029,People and Culture,Leadership development,Team assessments,AM: 1-on-1s | PM: Team development,Performance Review,
2029-08-24,Friday,Week 4,August,Q3,2029,Governance and Planning,Board matters and compliance,Week retrospective,AM: Governance | PM: Planning,Performance Review,
2029-08-25,Saturday,Week 4,August,Q3,2029,Strategic Reserve,Strategic reading and research,Personal development,Reserved,Performance Review,
2029-08-26,Sunday,Week 4,August,Q3,2029,Planning and Reflection,Week preparation,Goal alignment,Reserved,Performance Review,
2029-08-27,Monday,Week 4,August,Q3,2029,Strategic Alignment,Week kickoff and priority setting,Board preparation,AM: Executive sync | PM: Strategic planning,Performance Review,
2029-08-28,Tuesday,Week 4,August,Q3,2029,Operations,Department reviews and metrics,Operational metrics review,AM: Operations review | PM: Department heads,Performance Review,
2029-08-29,Wednesday,Week 5,August,Q3,2029,Growth and Development,External engagement and partnerships,Innovation initiatives,AM: External meetings | PM: Partner calls,Month-end Consolidation,
2029-08-30,Thursday,Week 5,August,Q3,2029,People and Culture,Leadership development,Team assessments,AM: 1-on-1s | PM: Team development,Month-end Consolidation,
2029-08-31,Friday,Week 5,August,Q3,2029,Governance and Planning,Board matters and compliance,Week retrospective,AM: Governance | PM: Planning,Month-end Consolidation,
2029-09-01,Saturday,Week 1,September,Q3,2029,Strategic Reserve,Strategic reading and research,Personal development,Reserved,Planning and KPI Review,Month Start - Full metrics review
2029-09-02,Sunday,Week 1,September,Q3,2029,Planning and Reflection,Week preparation,Goal alignment,Reserved,Planning and KPI Review,
2029-09-03,Monday,Week 1,September,Q3,2029,Strategic Alignment,Week kickoff and priority setting,Board preparation,AM: Executive sync | PM: Strategic planning,Planning and KPI Review,
2029-09-04,Tuesday,Week 1,September,Q3,2029,Operations,Department reviews and metrics,Operational metrics review,AM: Operations review | PM: Department heads,Planning and KPI Review,
2029-09-05,Wednesday,Week 1,September,Q3,2029,Growth and Development,External engagement and partnerships,Innovation initiatives,AM: External meetings | PM: Partner calls,Planning and KPI Review,
2029-09-06,Thursday,Week 1,September,Q3,2029,People and Culture,Leadership development,Team assessments,AM: 1-on-1s | PM: Team development,Planning and KPI Review,
2029-09-07,Friday,Week 1,September,Q3,2029,Governance and Planning,Board matters and compliance,Week retrospective,AM: Governance | PM: Planning,Planning and KPI Review,
2029-09-08,Saturday,Week 2,September,Q3,2029,Strategic Reserve,Strategic reading and research,Personal development,Reserved,Stakeholder Engagement,
2029-09-09,Sunday,Week 2,September,Q3,2029,Planning and Reflection,Week preparation,Goal alignment,Reserved,Stakeholder Engagement,
2029-09-10,Monday,Week 2,September,Q3,2029,Strategic Alignment,Week kickoff and priority setting,Board preparation,AM: Executive sync | PM: Strategic planning,Stakeholder Engagement,
2029-09-11,Tuesday,Week 2,September,Q3,2029,Operations,Department reviews and metrics,Operational metrics review,AM: Operations review | PM: Department heads,Stakeholder Engagement,
2029-09-12,Wednesday,Week 2,September,Q3,2029,Growth and Development,External engagement and partnerships,Innovation initiatives,AM: External meetings | PM: Partner calls,Stakeholder Engagement,
2029-09-13,Thursday,Week 2,September,Q3,2029,People and Culture,Leadership development,Team assessments,AM: 1-on-1s | PM: Team development,Stakeholder Engagement,
2029-09-14,Friday,Week 2,September,Q3,2029,Governance and Planning,Board matters and compliance,Week retrospective,AM: Governance | PM: Planning,Stakeholder Engagement,
2029-09-15,Saturday,Week 3,September,Q3,2029,Strategic Reserve,Strategic reading and research,Personal development,Reserved,Strategic Initiatives,Mid-month checkpoint
2029-09-16,Sunday,Week 3,September,Q3,2029,Planning and Reflection,Week preparation,Goal alignment,Reserved,Strategic Initiatives,
2029-09-17,Monday,Week 3,September,Q3,2029,Strategic Alignment,Week kickoff and priority setting,Board preparation,AM: Executive sync | PM: Strategic planning,Strategic Initiatives,
2029-09-18,Tuesday,Week 3,September,Q3,2029,Operations,Department reviews and metrics,Operational metrics review,AM: Operations review | PM: Department heads,Strategic Initiatives,
2029-09-19,Wednesday,Week 3,September,Q3,2029,Growth and Development,External engagement and partnerships,Innovation initiatives,AM: External meetings | PM: Partner calls,Strategic Initiatives,
2029-09-20,Thursday,Week 3,September,Q3,2029,People and Culture,Leadership development,Team assessments,AM: 1-on-1s | PM: Team development,Strategic Initiatives,
2029-09-21,Friday,Week 3,September,Q3,2029,Governance and Planning,Board matters and compliance,Week retrospective,AM: Governance | PM: Planning,Strategic Initiatives,
2029-09-22,Saturday,Week 4,September,Q3,2029,Strategic Reserve,Strategic reading and research,Personal development,Reserved,Performance Review,
2029-09-23,Sunday,Week 4,September,Q3,2029,Planning and Reflection,Week preparation,Goal alignment,Reserved,Performance Review,
2029-09-24,Monday,Week 4,September,Q3,2029,Strategic Alignment,Week kickoff and priority setting,Board preparation,AM: Executive sync | PM: Strategic planning,Performance Review,
2029-09-25,Tuesday,Week 4,September,Q3,2029,Operations,Department reviews and metrics,Operational metrics review,AM: Operations review | PM: Department heads,Performance Review,
2029-09-26,Wednesday,Week 4,September,Q3,2029,Growth and Development,External engagement and partnerships,Innovation initiatives,AM: External meetings | PM: Partner calls,Performance Review,
2029-09-27,Thursday,Week 4,September,Q3,2029,People and Culture,Leadership development,Team assessments,AM: 1-on-1s | PM: Team development,Performance Review,
2029-09-28,Friday,Week 4,September,Q3,2029,Governance and Planning,Board matters and compliance,Week retrospective,AM: Governance | PM: Planning,Performance Review,
2029-09-29,Saturday,Week 5,September,Q3,2029,Strategic Reserve,Strategic reading and research,Personal development,Reserved,Month-end Consolidation,
2029-09-30,Sunday,Week 5,September,Q3,2029,Planning and Reflection,Week preparation,Goal alignment,Reserved,Month-end Consolidation,
2029-10-01,Monday,Week 1,October,Q4,2029,Strategic Alignment,Week kickoff and priority setting,Board preparation,AM: Executive sync | PM: Strategic planning,Planning and KPI Review,Quarter Start - QBR preparation
2029-10-02,Tuesday,Week 1,October,Q4,2029,Operations,Department reviews and metrics,Operational metrics review,AM: Operations review | PM: Department heads,Planning and KPI Review,
2029-10-03,Wednesday,Week 1,October,Q4,2029,Growth and Development,External engagement and partnerships,Innovation initiatives,AM: External meetings | PM: Partner calls,Planning and KPI Review,
2029-10-04,Thursday,Week 1,October,Q4,2029,People and Culture,Leadership development,Team assessments,AM: 1-on-1s | PM: Team development,Planning and KPI Review,
2029-10-05,Friday,Week 1,October,Q4,2029,Governance and Planning,Board matters and compliance,Week retrospective,AM: Governance | PM: Planning,Planning and KPI Review,
2029-10-06,Saturday,Week 1,October,Q4,2029,Strategic Reserve,Strategic reading and research,Personal development,Reserved,Planning and KPI Review,
2029-10-07,Sunday,Week 1,October,Q4,2029,Planning and Reflection,Week preparation,Goal alignment,Reserved,Planning and KPI Review,
2029-10-08,Monday,Week 2,October,Q4,2029,Strategic Alignment,Week kickoff and priority setting,Board preparation,AM: Executive sync | PM: Strategic planning,Stakeholder Engagement,
2029-10-09,Tuesday,Week 2,October,Q4,2029,Operations,Department reviews and metrics,Operational metrics review,AM: Operations review | PM: Department heads,Stakeholder Engagement,
2029-10-10,Wednesday,Week 2,October,Q4,2029,Growth and Development,External engagement and partnerships,Innovation initiatives,AM: External meetings | PM: Partner calls,Stakeholder Engagement,
2029-10-11,Thursday,Week 2,October,Q4,2029,People and Culture,Leadership development,Team assessments,AM: 1-on-1s | PM: Team development,Stakeholder Engagement,
2029-10-12,Friday,Week 2,October,Q4,2029,Governance and Planning,Board matters and compliance,Week retrospective,AM: Governance | PM: Planning,Stakeholder Engagement,
2029-10-13,Saturday,Week 2,October,Q4,2029,Strategic Reserve,Strategic reading and research,Personal development,Reserved,Stakeholder Engagement,
2029-10-14,Sunday,Week 2,October,Q4,2029,Planning and Reflection,Week preparation,Goal alignment,Reserved,Stakeholder Engagement,
2029-10-15,Monday,Week 3,October,Q4,2029,Strategic Alignment,Week kickoff and priority setting,Board preparation,AM: Executive sync | PM: Strategic planning,Strategic Initiatives,Mid-month checkpoint
2029-10-16,Tuesday,Week 3,October,Q4,2029,Operations,Department reviews and metrics,Operational metrics review,AM: Operations review | PM: Department heads,Strategic Initiatives,
2029-10-17,Wednesday,Week 3,October,Q4,2029,Growth and Development,External engagement and partnerships,Innovation initiatives,AM: External meetings | PM: Partner calls,Strategic Initiatives,
2029-10-18,Thursday,Week 3,October,Q4,2029,People and Culture,Leadership development,Team assessments,AM: 1-on-1s | PM: Team development,Strategic Initiatives,
2029-10-19,Friday,Week 3,October,Q4,2029,Governance and Planning,Board matters and compliance,Week retrospective,AM: Governance | PM: Planning,Strategic Initiatives,
2029-10-20,Saturday,Week 3,October,Q4,2029,Strategic Reserve,Strategic reading and research,Personal development,Reserved,Strategic Initiatives,
2029-10-21,Sunday,Week 3,October,Q4,2029,Planning and Reflection,Week preparation,Goal alignment,Reserved,Strategic Initiatives,
2029-10-22,Monday,Week 4,October,Q4,2029,Strategic Alignment,Week kickoff and priority setting,Board preparation,AM: Executive sync | PM: Strategic planning,Performance Review,
2029-10-23,Tuesday,Week 4,October,Q4,2029,Operations,Department reviews and metrics,Operational metrics review,AM: Operations review | PM: Department heads,Performance Review,
2029-10-24,Wednesday,Week 4,October,Q4,2029,Growth and Development,External engagement and partnerships,Innovation initiatives,AM: External meetings | PM: Partner calls,Performance Review,
2029-10-25,Thursday,Week 4,October,Q4,2029,People and Culture,Leadership development,Team assessments,AM: 1-on-1s | PM: Team development,Performance Review,
2029-10-26,Friday,Week 4,October,Q4,2029,Governance and Planning,Board matters and compliance,Week retrospective,AM: Governance | PM: Planning,Performance Review,
2029-10-27,Saturday,Week 4,October,Q4,2029,Strategic Reserve,Strategic reading and research,Personal development,Reserved,Performance Review,
2029-10-28,Sunday,Week 4,October,Q4,2029,Planning and Reflection,Week preparation,Goal alignment,Reserved,Performance Review,
2029-10-29,Monday,Week 5,October,Q4,2029,Strategic Alignment,Week kickoff and priority setting,Board preparation,AM: Executive sync | PM: Strategic planning,Month-end Consolidation,
2029-10-30,Tuesday,Week 5,October,Q4,2029,Operations,Department reviews and metrics,Operational metrics review,AM: Operations review | PM: Department heads,Month-end Consolidation,
2029-10-31,Wednesday,Week 5,October,Q4,2029,Growth and Development,External engagement and partnerships,Innovation initiatives,AM: External meetings | PM: Partner calls,Month-end Consolidation,
2029-11-01,Thursday,Week 1,November,Q4,2029,People and Culture,Leadership development,Team assessments,AM: 1-on-1s | PM: Team development,Planning and KPI Review,Month Start - Full metrics review
2029-11-02,Friday,Week 1,November,Q4,2029,Governance and Planning,Board matters and compliance,Week retrospective,AM: Governance | PM: Planning,Planning and KPI Review,
2029-11-03,Saturday,Week 1,November,Q4,2029,Strategic Reserve,Strategic reading and research,Personal development,Reserved,Planning and KPI Review,
2029-11-04,Sunday,Week 1,November,Q4,2029,Planning and Reflection,Week preparation,Goal alignment,Reserved,Planning and KPI Review,
2029-11-05,Monday,Week 1,November,Q4,2029,Strategic Alignment,Week kickoff and priority setting,Board preparation,AM: Executive sync | PM: Strategic planning,Planning and KPI Review,
2029-11-06,Tuesday,Week 1,November,Q4,2029,Operations,Department reviews and metrics,Operational metrics review,AM: Operations review | PM: Department heads,Planning and KPI Review,
2029-11-07,Wednesday,Week 1,November,Q4,2029,Growth and Development,External engagement and partnerships,Innovation initiatives,AM: External meetings | PM: Partner calls,Planning and KPI Review,
2029-11-08,Thursday,Week 2,November,Q4,2029,People and Culture,Leadership development,Team assessments,AM: 1-on-1s | PM: Team development,Stakeholder Engagement,
2029-11-09,Friday,Week 2,November,Q4,2029,Governance and Planning,Board matters and compliance,Week retrospective,AM: Governance | PM: Planning,Stakeholder Engagement,
2029-11-10,Saturday,Week 2,November,Q4,2029,Strategic Reserve,Strategic reading and research,Personal development,Reserved,Stakeholder Engagement,
2029-11-11,Sunday,Week 2,November,Q4,2029,Planning and Reflection,Week preparation,Goal alignment,Reserved,Stakeholder Engagement,
2029-11-12,Monday,Week 2,November,Q4,2029,Strategic Alignment,Week kickoff and priority setting,Board preparation,AM: Executive sync | PM: Strategic planning,Stakeholder Engagement,
2029-11-13,Tuesday,Week 2,November,Q4,2029,Operations,Department reviews and metrics,Operational metrics review,AM: Operations review | PM: Department heads,Stakeholder Engagement,
2029-11-14,Wednesday,Week 2,November,Q4,2029,Growth and Development,External engagement and partnerships,Innovation initiatives,AM: External meetings | PM: Partner calls,Stakeholder Engagement,
2029-11-15,Thursday,Week 3,November,Q4,2029,People and Culture,Leadership development,Team assessments,AM: 1-on-1s | PM: Team development,Strategic Initiatives,Mid-month checkpoint
2029-11-16,Friday,Week 3,November,Q4,2029,Governance and Planning,Board matters and compliance,Week retrospective,AM: Governance | PM: Planning,Strategic Initiatives,
2029-11-17,Saturday,Week 3,November,Q4,2029,Strategic Reserve,Strategic reading and research,Personal development,Reserved,Strategic Initiatives,
2029-11-18,Sunday,Week 3,November,Q4,2029,Planning and Reflection,Week preparation,Goal alignment,Reserved,Strategic Initiatives,
2029-11-19,Monday,Week 3,November,Q4,2029,Strategic Alignment,Week kickoff and priority setting,Board preparation,AM: Executive sync | PM: Strategic planning,Strategic Initiatives,
2029-11-20,Tuesday,Week 3,November,Q4,2029,Operations,Department reviews and metrics,Operational metrics review,AM: Operations review | PM: Department heads,Strategic Initiatives,
2029-11-21,Wednesday,Week 3,November,Q4,2029,Growth and Development,External engagement and partnerships,Innovation initiatives,AM: External meetings | PM: Partner calls,Strategic Initiatives,
2029-11-22,Thursday,Week 4,November,Q4,2029,People and Culture,Leadership development,Team assessments,AM: 1-on-1s | PM: Team development,Performance Review,
2029-11-23,Friday,Week 4,November,Q4,2029,Governance and Planning,Board matters and compliance,Week retrospective,AM: Governance | PM: Planning,Performance Review,
2029-11-24,Saturday,Week 4,November,Q4,2029,Strategic Reserve,Strategic reading and research,Personal development,Reserved,Performance Review,
2029-11-25,Sunday,Week 4,November,Q4,2029,Planning and Reflection,Week preparation,Goal alignment,Reserved,Performance Review,
2029-11-26,Monday,Week 4,November,Q4,2029,Strategic Alignment,Week kickoff and priority setting,Board preparation,AM: Executive sync | PM: Strategic planning,Performance Review,
2029-11-27,Tuesday,Week 4,November,Q4,2029,Operations,Department reviews and metrics,Operational metrics review,AM: Operations review | PM: Department heads,Performance Review,
2029-11-28,Wednesday,Week 4,November,Q4,2029,Growth and Development,External engagement and partnerships,Innovation initiatives,AM: External meetings | PM: Partner calls,Performance Review,
2029-11-29,Thursday,Week 5,November,Q4,2029,People and Culture,Leadership development,Team assessments,AM: 1-on-1s | PM: Team development,Month-end Consolidation,
2029-11-30,Friday,Week 5,November,Q4,2029,Governance and Planning,Board matters and compliance,Week retrospective,AM: Governance | PM: Planning,Month-end Consolidation,
2029-12-01,Saturday,Week 1,December,Q4,2029,Strategic Reserve,Strategic reading and research,Personal development,Reserved,Planning and KPI Review,Month Start - Full metrics review
2029-12-02,Sunday,Week 1,December,Q4,2029,Planning and Reflection,Week preparation,Goal alignment,Reserved,Planning and KPI Review,
2029-12-03,Monday,Week 1,December,Q4,2029,Strategic Alignment,Week kickoff and priority setting,Board preparation,AM: Executive sync | PM: Strategic planning,Planning and KPI Review,
2029-12-04,Tuesday,Week 1,December,Q4,2029,Operations,Department reviews and metrics,Operational metrics review,AM: Operations review | PM: Department heads,Planning and KPI Review,
2029-12-05,Wednesday,Week 1,December,Q4,2029,Growth and Development,External engagement and partnerships,Innovation initiatives,AM: External meetings | PM: Partner calls,Planning and KPI Review,
2029-12-06,Thursday,Week 1,December,Q4,2029,People and Culture,Leadership development,Team assessments,AM: 1-on-1s | PM: Team development,Planning and KPI Review,
2029-12-07,Friday,Week 1,December,Q4,2029,Governance and Planning,Board matters and compliance,Week retrospective,AM: Governance | PM: Planning,Planning and KPI Review,
2029-12-08,Saturday,Week 2,December,Q4,2029,Strategic Reserve,Strategic reading and research,Personal development,Reserved,Stakeholder Engagement,
2029-12-09,Sunday,Week 2,December,Q4,2029,Planning and Reflection,Week preparation,Goal alignment,Reserved,Stakeholder Engagement,
2029-12-10,Monday,Week 2,December,Q4,2029,Strategic Alignment,Week kickoff and priority setting,Board preparation,AM: Executive sync | PM: Strategic planning,Stakeholder Engagement,
2029-12-11,Tuesday,Week 2,December,Q4,2029,Operations,Department reviews and metrics,Operational metrics review,AM: Operations review | PM: Department heads,Stakeholder Engagement,
2029-12-12,Wednesday,Week 2,December,Q4,2029,Growth and Development,External engagement and partnerships,Innovation initiatives,AM: External meetings | PM: Partner calls,Stakeholder Engagement,
2029-12-13,Thursday,Week 2,December,Q4,2029,People and Culture,Leadership development,Team assessments,AM: 1-on-1s | PM: Team development,Stakeholder Engagement,
2029-12-14,Friday,Week 2,December,Q4,2029,Governance and Planning,Board matters and compliance,Week retrospective,AM: Governance | PM: Planning,Stakeholder Engagement,
2029-12-15,Saturday,Week 3,December,Q4,2029,Strategic Reserve,Strategic reading and research,Personal development,Reserved,Strategic Initiatives,Mid-month checkpoint
2029-12-16,Sunday,Week 3,December,Q4,2029,Planning and Reflection,Week preparation,Goal alignment,Reserved,Strategic Initiatives,
2029-12-17,Monday,Week 3,December,Q4,2029,Strategic Alignment,Week kickoff and priority setting,Board preparation,AM: Executive sync | PM: Strategic planning,Strategic Initiatives,
2029-12-18,Tuesday,Week 3,December,Q4,2029,Operations,Department reviews and metrics,Operational metrics review,AM: Operations review | PM: Department heads,Strategic Initiatives,
2029-12-19,Wednesday,Week 3,December,Q4,2029,Growth and Development,External engagement and partnerships,Innovation initiatives,AM: External meetings | PM: Partner calls,Strategic Initiatives,
2029-12-20,Thursday,Week 3,December,Q4,2029,People and Culture,Leadership development,Team assessments,AM: 1-on-1s | PM: Team development,Strategic Initiatives,
2029-12-21,Friday,Week 3,December,Q4,2029,Governance and Planning,Board matters and compliance,Week retrospective,AM: Governance | PM: Planning,Strategic Initiatives,
2029-12-22,Saturday,Week 4,December,Q4,2029,Strategic Reserve,Strategic reading and research,Personal development,Reserved,Performance Review,
2029-12-23,Sunday,Week 4,December,Q4,2029,Planning and Reflection,Week preparation,Goal alignment,Reserved,Performance Review,
2029-12-24,Monday,Week 4,December,Q4,2029,Strategic Alignment,Week kickoff and priority setting,Board preparation,AM: Executive sync | PM: Strategic planning,Performance Review,
2029-12-25,Tuesday,Week 4,December,Q4,2029,Operations,Department reviews and metrics,Operational metrics review,AM: Operations review | PM: Department heads,Performance Review,
2029-12-26,Wednesday,Week 4,December,Q4,2029,Growth and Development,External engagement and partnerships,Innovation initiatives,AM: External meetings | PM: Partner calls,Performance Review,
2029-12-27,Thursday,Week 4,December,Q4,2029,People and Culture,Leadership development,Team assessments,AM: 1-on-1s | PM: Team development,Performance Review,
2029-12-28,Friday,Week 4,December,Q4,2029,Governance and Planning,Board matters and compliance,Week retrospective,AM: Governance | PM: Planning,Performance Review,
2029-12-29,Saturday,Week 5,December,Q4,2029,Strategic Reserve,Strategic reading and research,Personal development,Reserved,Month-end Consolidation,
2029-12-30,Sunday,Week 5,December,Q4,2029,Planning and Reflection,Week preparation,Goal alignment,Reserved,Month-end Consolidation,
2029-12-31,Monday,Week 5,December,Q4,2029,Strategic Alignment,Week kickoff and priority setting,Board preparation,AM: Executive sync | PM: Strategic planning,Month-end Consolidation,Year End - Annual retrospective
2030-01-01,Tuesday,Week 1,January,Q1,2030,Operations,Department reviews and metrics,Operational metrics review,AM: Operations review | PM: Department heads,Planning and KPI Review,Quarter Start - QBR preparation
2030-01-02,Wednesday,Week 1,January,Q1,2030,Growth and Development,External engagement and partnerships,Innovation initiatives,AM: External meetings | PM: Partner calls,Planning and KPI Review,
2030-01-03,Thursday,Week 1,January,Q1,2030,People and Culture,Leadership development,Team assessments,AM: 1-on-1s | PM: Team development,Planning and KPI Review,
2030-01-04,Friday,Week 1,January,Q1,2030,Governance and Planning,Board matters and compliance,Week retrospective,AM: Governance | PM: Planning,Planning and KPI Review,
2030-01-05,Saturday,Week 1,January,Q1,2030,Strategic Reserve,Strategic reading and research,Personal development,Reserved,Planning and KPI Review,
2030-01-06,Sunday,Week 1,January,Q1,2030,Planning and Reflection,Week preparation,Goal alignment,Reserved,Planning and KPI Review,
2030-01-07,Monday,Week 1,January,Q1,2030,Strategic Alignment,Week kickoff and priority setting,Board preparation,AM: Executive sync | PM: Strategic planning,Planning and KPI Review,
2030-01-08,Tuesday,Week 2,January,Q1,2030,Operations,Department reviews and metrics,Operational metrics review,AM: Operations review | PM: Department heads,Stakeholder Engagement,
2030-01-09,Wednesday,Week 2,January,Q1,2030,Growth and Development,External engagement and partnerships,Innovation initiatives,AM: External meetings | PM: Partner calls,Stakeholder Engagement,
2030-01-10,Thursday,Week 2,January,Q1,2030,People and Culture,Leadership development,Team assessments,AM: 1-on-1s | PM: Team development,Stakeholder Engagement,
2030-01-11,Friday,Week 2,January,Q1,2030,Governance and Planning,Board matters and compliance,Week retrospective,AM: Governance | PM: Planning,Stakeholder Engagement,
2030-01-12,Saturday,Week 2,January,Q1,2030,Strategic Reserve,Strategic reading and research,Personal development,Reserved,Stakeholder Engagement,
2030-01-13,Sunday,Week 2,January,Q1,2030,Planning and Reflection,Week preparation,Goal alignment,Reserved,Stakeholder Engagement,
2030-01-14,Monday,Week 2,January,Q1,2030,Strategic Alignment,Week kickoff and priority setting,Board preparation,AM: Executive sync | PM: Strategic planning,Stakeholder Engagement,
2030-01-15,Tuesday,Week 3,January,Q1,2030,Operations,Department reviews and metrics,Operational metrics review,AM: Operations review | PM: Department heads,Strategic Initiatives,Mid-month checkpoint
2030-01-16,Wednesday,Week 3,January,Q1,2030,Growth and Development,External engagement and partnerships,Innovation initiatives,AM: External meetings | PM: Partner calls,Strategic Initiatives,
2030-01-17,Thursday,Week 3,January,Q1,2030,People and Culture,Leadership development,Team assessments,AM: 1-on-1s | PM: Team development,Strategic Initiatives,
2030-01-18,Friday,Week 3,January,Q1,2030,Governance and Planning,Board matters and compliance,Week retrospective,AM: Governance | PM: Planning,Strategic Initiatives,
2030-01-19,Saturday,Week 3,January,Q1,2030,Strategic Reserve,Strategic reading and research,Personal development,Reserved,Strategic Initiatives,
2030-01-20,Sunday,Week 3,January,Q1,2030,Planning and Reflection,Week preparation,Goal alignment,Reserved,Strategic Initiatives,
2030-01-21,Monday,Week 3,January,Q1,2030,Strategic Alignment,Week kickoff and priority setting,Board preparation,AM: Executive sync | PM: Strategic planning,Strategic Initiatives,
2030-01-22,Tuesday,Week 4,January,Q1,2030,Operations,Department reviews and metrics,Operational metrics review,AM: Operations review | PM: Department heads,Performance Review,
2030-01-23,Wednesday,Week 4,January,Q1,2030,Growth and Development,External engagement and partnerships,Innovation initiatives,AM: External meetings | PM: Partner calls,Performance Review,
2030-01-24,Thursday,Week 4,January,Q1,2030,People and Culture,Leadership development,Team assessments,AM: 1-on-1s | PM: Team development,Performance Review,
2030-01-25,Friday,Week 4,January,Q1,2030,Governance and Planning,Board matters and compliance,Week retrospective,AM: Governance | PM: Planning,Performance Review,
2030-01-26,Saturday,Week 4,January,Q1,2030,Strategic Reserve,Strategic reading and research,Personal development,Reserved,Performance Review,
2030-01-27,Sunday,Week 4,January,Q1,2030,Planning and Reflection,Week preparation,Goal alignment,Reserved,Performance Review,
2030-01-28,Monday,Week 4,January,Q1,2030,Strategic Alignment,Week kickoff and priority setting,Board preparation,AM: Executive sync | PM: Strategic planning,Performance Review,
2030-01-29,Tuesday,Week 5,January,Q1,2030,Operations,Department reviews and metrics,Operational metrics review,AM: Operations review | PM: Department heads,Month-end Consolidation,
2030-01-30,Wednesday,Week 5,January,Q1,2030,Growth and Development,External engagement and partnerships,Innovation initiatives,AM: External meetings | PM: Partner calls,Month-end Consolidation,
2030-01-31,Thursday,Week 5,January,Q1,2030,People and Culture,Leadership development,Team assessments,AM: 1-on-1s | PM: Team development,Month-end Consolidation,
2030-02-01,Friday,Week 1,February,Q1,2030,Governance and Planning,Board matters and compliance,Week retrospective,AM: Governance | PM: Planning,Planning and KPI Review,Month Start - Full metrics review
2030-02-02,Saturday,Week 1,February,Q1,2030,Strategic Reserve,Strategic reading and research,Personal development,Reserved,Planning and KPI Review,
2030-02-03,Sunday,Week 1,February,Q1,2030,Planning and Reflection,Week preparation,Goal alignment,Reserved,Planning and KPI Review,
2030-02-04,Monday,Week 1,February,Q1,2030,Strategic Alignment,Week kickoff and priority setting,Board preparation,AM: Executive sync | PM: Strategic planning,Planning and KPI Review,
2030-02-05,Tuesday,Week 1,February,Q1,2030,Operations,Department reviews and metrics,Operational metrics review,AM: Operations review | PM: Department heads,Planning and KPI Review,
2030-02-06,Wednesday,Week 1,February,Q1,2030,Growth and Development,External engagement and partnerships,Innovation initiatives,AM: External meetings | PM: Partner calls,Planning and KPI Review,
2030-02-07,Thursday,Week 1,February,Q1,2030,People and Culture,Leadership development,Team assessments,AM: 1-on-1s | PM: Team development,Planning and KPI Review,
2030-02-08,Friday,Week 2,February,Q1,2030,Governance and Planning,Board matters and compliance,Week retrospective,AM: Governance | PM: Planning,Stakeholder Engagement,
2030-02-09,Saturday,Week 2,February,Q1,2030,Strategic Reserve,Strategic reading and research,Personal development,Reserved,Stakeholder Engagement,
2030-02-10,Sunday,Week 2,February,Q1,2030,Planning and Reflection,Week preparation,Goal alignment,Reserved,Stakeholder Engagement,
2030-02-11,Monday,Week 2,February,Q1,2030,Strategic Alignment,Week kickoff and priority setting,Board preparation,AM: Executive sync | PM: Strategic planning,Stakeholder Engagement,
2030-02-12,Tuesday,Week 2,February,Q1,2030,Operations,Department reviews and metrics,Operational metrics review,AM: Operations review | PM: Department heads,Stakeholder Engagement,
2030-02-13,Wednesday,Week 2,February,Q1,2030,Growth and Development,External engagement and partnerships,Innovation initiatives,AM: External meetings | PM: Partner calls,Stakeholder Engagement,
2030-02-14,Thursday,Week 2,February,Q1,2030,People and Culture,Leadership development,Team assessments,AM: 1-on-1s | PM: Team development,Stakeholder Engagement,
2030-02-15,Friday,Week 3,February,Q1,2030,Governance and Planning,Board matters and compliance,Week retrospective,AM: Governance | PM: Planning,Strategic Initiatives,Mid-month checkpoint
2030-02-16,Saturday,Week 3,February,Q1,2030,Strategic Reserve,Strategic reading and research,Personal development,Reserved,Strategic Initiatives,
2030-02-17,Sunday,Week 3,February,Q1,2030,Planning and Reflection,Week preparation,Goal alignment,Reserved,Strategic Initiatives,
2030-02-18,Monday,Week 3,February,Q1,2030,Strategic Alignment,Week kickoff and priority setting,Board preparation,AM: Executive sync | PM: Strategic planning,Strategic Initiatives,
2030-02-19,Tuesday,Week 3,February,Q1,2030,Operations,Department reviews and metrics,Operational metrics review,AM: Operations review | PM: Department heads,Strategic Initiatives,
2030-02-20,Wednesday,Week 3,February,Q1,2030,Growth and Development,External engagement and partnerships,Innovation initiatives,AM: External meetings | PM: Partner calls,Strategic Initiatives,
2030-02-21,Thursday,Week 3,February,Q1,2030,People and Culture,Leadership development,Team assessments,AM: 1-on-1s | PM: Team development,Strategic Initiatives,
2030-02-22,Friday,Week 4,February,Q1,2030,Governance and Planning,Board matters and compliance,Week retrospective,AM: Governance | PM: Planning,Performance Review,
2030-02-23,Saturday,Week 4,February,Q1,2030,Strategic Reserve,Strategic reading and research,Personal development,Reserved,Performance Review,
2030-02-24,Sunday,Week 4,February,Q1,2030,Planning and Reflection,Week preparation,Goal alignment,Reserved,Performance Review,
2030-02-25,Monday,Week 4,February,Q1,2030,Strategic Alignment,Week kickoff and priority setting,Board preparation,AM: Executive sync | PM: Strategic planning,Performance Review,
2030-02-26,Tuesday,Week 4,February,Q1,2030,Operations,Department reviews and metrics,Operational metrics review,AM: Operations review | PM: Department heads,Performance Review,
2030-02-27,Wednesday,Week 4,February,Q1,2030,Growth and Development,External engagement and partnerships,Innovation initiatives,AM: External meetings | PM: Partner calls,Performance Review,
2030-02-28,Thursday,Week 4,February,Q1,2030,People and Culture,Leadership development,Team assessments,AM: 1-on-1s | PM: Team development,Performance Review,
2030-03-01,Friday,Week 1,March,Q1,2030,Governance and Planning,Board matters and compliance,Week retrospective,AM: Governance | PM: Planning,Planning and KPI Review,Month Start - Full metrics review
2030-03-02,Saturday,Week 1,March,Q1,2030,Strategic Reserve,Strategic reading and research,Personal development,Reserved,Planning and KPI Review,
2030-03-03,Sunday,Week 1,March,Q1,2030,Planning and Reflection,Week preparation,Goal alignment,Reserved,Planning and KPI Review,
2030-03-04,Monday,Week 1,March,Q1,2030,Strategic Alignment,Week kickoff and priority setting,Board preparation,AM: Executive sync | PM: Strategic planning,Planning and KPI Review,
2030-03-05,Tuesday,Week 1,March,Q1,2030,Operations,Department reviews and metrics,Operational metrics review,AM: Operations review | PM: Department heads,Planning and KPI Review,
2030-03-06,Wednesday,Week 1,March,Q1,2030,Growth and Development,External engagement and partnerships,Innovation initiatives,AM: External meetings | PM: Partner calls,Planning and KPI Review,
2030-03-07,Thursday,Week 1,March,Q1,2030,People and Culture,Leadership development,Team assessments,AM: 1-on-1s | PM: Team development,Planning and KPI Review,
2030-03-08,Friday,Week 2,March,Q1,2030,Governance and Planning,Board matters and compliance,Week retrospective,AM: Governance | PM: Planning,Stakeholder Engagement,
2030-03-09,Saturday,Week 2,March,Q1,2030,Strategic Reserve,Strategic reading and research,Personal development,Reserved,Stakeholder Engagement,
2030-03-10,Sunday,Week 2,March,Q1,2030,Planning and Reflection,Week preparation,Goal alignment,Reserved,Stakeholder Engagement,
2030-03-11,Monday,Week 2,March,Q1,2030,Strategic Alignment,Week kickoff and priority setting,Board preparation,AM: Executive sync | PM: Strategic planning,Stakeholder Engagement,
2030-03-12,Tuesday,Week 2,March,Q1,2030,Operations,Department reviews and metrics,Operational metrics review,AM: Operations review | PM: Department heads,Stakeholder Engagement,
2030-03-13,Wednesday,Week 2,March,Q1,2030,Growth and Development,External engagement and partnerships,Innovation initiatives,AM: External meetings | PM: Partner calls,Stakeholder Engagement,
2030-03-14,Thursday,Week 2,March,Q1,2030,People and Culture,Leadership development,Team assessments,AM: 1-on-1s | PM: Team development,Stakeholder Engagement,
2030-03-15,Friday,Week 3,March,Q1,2030,Governance and Planning,Board matters and compliance,Week retrospective,AM: Governance | PM: Planning,Strategic Initiatives,Mid-month checkpoint
2030-03-16,Saturday,Week 3,March,Q1,2030,Strategic Reserve,Strategic reading and research,Personal development,Reserved,Strategic Initiatives,
2030-03-17,Sunday,Week 3,March,Q1,2030,Planning and Reflection,Week preparation,Goal alignment,Reserved,Strategic Initiatives,
2030-03-18,Monday,Week 3,March,Q1,2030,Strategic Alignment,Week kickoff and priority setting,Board preparation,AM: Executive sync | PM: Strategic planning,Strategic Initiatives,
2030-03-19,Tuesday,Week 3,March,Q1,2030,Operations,Department reviews and metrics,Operational metrics review,AM: Operations review | PM: Department heads,Strategic Initiatives,
2030-03-20,Wednesday,Week 3,March,Q1,2030,Growth and Development,External engagement and partnerships,Innovation initiatives,AM: External meetings | PM: Partner calls,Strategic Initiatives,
2030-03-21,Thursday,Week 3,March,Q1,2030,People and Culture,Leadership development,Team assessments,AM: 1-on-1s | PM: Team development,Strategic Initiatives,
2030-03-22,Friday,Week 4,March,Q1,2030,Governance and Planning,Board matters and compliance,Week retrospective,AM: Governance | PM: Planning,Performance Review,
2030-03-23,Saturday,Week 4,March,Q1,2030,Strategic Reserve,Strategic reading and research,Personal development,Reserved,Performance Review,
2030-03-24,Sunday,Week 4,March,Q1,2030,Planning and Reflection,Week preparation,Goal alignment,Reserved,Performance Review,
2030-03-25,Monday,Week 4,March,Q1,2030,Strategic Alignment,Week kickoff and priority setting,Board preparation,AM: Executive sync | PM: Strategic planning,Performance Review,
2030-03-26,Tuesday,Week 4,March,Q1,2030,Operations,Department reviews and metrics,Operational metrics review,AM: Operations review | PM: Department heads,Performance Review,
2030-03-27,Wednesday,Week 4,March,Q1,2030,Growth and Development,External engagement and partnerships,Innovation initiatives,AM: External meetings | PM: Partner calls,Performance Review,
2030-03-28,Thursday,Week 4,March,Q1,2030,People and Culture,Leadership development,Team assessments,AM: 1-on-1s | PM: Team development,Performance Review,
2030-03-29,Friday,Week 5,March,Q1,2030,Governance and Planning,Board matters and compliance,Week retrospective,AM: Governance | PM: Planning,Month-end Consolidation,
2030-03-30,Saturday,Week 5,March,Q1,2030,Strategic Reserve,Strategic reading and research,Personal development,Reserved,Month-end Consolidation,
2030-03-31,Sunday,Week 5,March,Q1,2030,Planning and Reflection,Week preparation,Goal alignment,Reserved,Month-end Consolidation,
2030-04-01,Monday,Week 1,April,Q2,2030,Strategic Alignment,Week kickoff and priority setting,Board preparation,AM: Executive sync | PM: Strategic planning,Planning and KPI Review,Quarter Start - QBR preparation
2030-04-02,Tuesday,Week 1,April,Q2,2030,Operations,Department reviews and metrics,Operational metrics review,AM: Operations review | PM: Department heads,Planning and KPI Review,
2030-04-03,Wednesday,Week 1,April,Q2,2030,Growth and Development,External engagement and partnerships,Innovation initiatives,AM: External meetings | PM: Partner calls,Planning and KPI Review,
2030-04-04,Thursday,Week 1,April,Q2,2030,People and Culture,Leadership development,Team assessments,AM: 1-on-1s | PM: Team development,Planning and KPI Review,
2030-04-05,Friday,Week 1,April,Q2,2030,Governance and Planning,Board matters and compliance,Week retrospective,AM: Governance | PM: Planning,Planning and KPI Review,
2030-04-06,Saturday,Week 1,April,Q2,2030,Strategic Reserve,Strategic reading and research,Personal development,Reserved,Planning and KPI Review,
2030-04-07,Sunday,Week 1,April,Q2,2030,Planning and Reflection,Week preparation,Goal alignment,Reserved,Planning and KPI Review,
2030-04-08,Monday,Week 2,April,Q2,2030,Strategic Alignment,Week kickoff and priority setting,Board preparation,AM: Executive sync | PM: Strategic planning,Stakeholder Engagement,
2030-04-09,Tuesday,Week 2,April,Q2,2030,Operations,Department reviews and metrics,Operational metrics review,AM: Operations review | PM: Department heads,Stakeholder Engagement,
2030-04-10,Wednesday,Week 2,April,Q2,2030,Growth and Development,External engagement and partnerships,Innovation initiatives,AM: External meetings | PM: Partner calls,Stakeholder Engagement,
2030-04-11,Thursday,Week 2,April,Q2,2030,People and Culture,Leadership development,Team assessments,AM: 1-on-1s | PM: Team development,Stakeholder Engagement,
2030-04-12,Friday,Week 2,April,Q2,2030,Governance and Planning,Board matters and compliance,Week retrospective,AM: Governance | PM: Planning,Stakeholder Engagement,
2030-04-13,Saturday,Week 2,April,Q2,2030,Strategic Reserve,Strategic reading and research,Personal development,Reserved,Stakeholder Engagement,
2030-04-14,Sunday,Week 2,April,Q2,2030,Planning and Reflection,Week preparation,Goal alignment,Reserved,Stakeholder Engagement,
2030-04-15,Monday,Week 3,April,Q2,2030,Strategic Alignment,Week kickoff and priority setting,Board preparation,AM: Executive sync | PM: Strategic planning,Strategic Initiatives,Mid-month checkpoint
2030-04-16,Tuesday,Week 3,April,Q2,2030,Operations,Department reviews and metrics,Operational metrics review,AM: Operations review | PM: Department heads,Strategic Initiatives,
2030-04-17,Wednesday,Week 3,April,Q2,2030,Growth and Development,External engagement and partnerships,Innovation initiatives,AM: External meetings | PM: Partner calls,Strategic Initiatives,
2030-04-18,Thursday,Week 3,April,Q2,2030,People and Culture,Leadership development,Team assessments,AM: 1-on-1s | PM: Team development,Strategic Initiatives,
2030-04-19,Friday,Week 3,April,Q2,2030,Governance and Planning,Board matters and compliance,Week retrospective,AM: Governance | PM: Planning,Strategic Initiatives,
2030-04-20,Saturday,Week 3,April,Q2,2030,Strategic Reserve,Strategic reading and research,Personal development,Reserved,Strategic Initiatives,
2030-04-21,Sunday,Week 3,April,Q2,2030,Planning and Reflection,Week preparation,Goal alignment,Reserved,Strategic Initiatives,
2030-04-22,Monday,Week 4,April,Q2,2030,Strategic Alignment,Week kickoff and priority setting,Board preparation,AM: Executive sync | PM: Strategic planning,Performance Review,
2030-04-23,Tuesday,Week 4,April,Q2,2030,Operations,Department reviews and metrics,Operational metrics review,AM: Operations review | PM: Department heads,Performance Review,
2030-04-24,Wednesday,Week 4,April,Q2,2030,Growth and Development,External engagement and partnerships,Innovation initiatives,AM: External meetings | PM: Partner calls,Performance Review,
2030-04-25,Thursday,Week 4,April,Q2,2030,People and Culture,Leadership development,Team assessments,AM: 1-on-1s | PM: Team development,Performance Review,
2030-04-26,Friday,Week 4,April,Q2,2030,Governance and Planning,Board matters and compliance,Week retrospective,AM: Governance | PM: Planning,Performance Review,
2030-04-27,Saturday,Week 4,April,Q2,2030,Strategic Reserve,Strategic reading and research,Personal development,Reserved,Performance Review,
2030-04-28,Sunday,Week 4,April,Q2,2030,Planning and Reflection,Week preparation,Goal alignment,Reserved,Performance Review,
2030-04-29,Monday,Week 5,April,Q2,2030,Strategic Alignment,Week kickoff and priority setting,Board preparation,AM: Executive sync | PM: Strategic planning,Month-end Consolidation,
2030-04-30,Tuesday,Week 5,April,Q2,2030,Operations,Department reviews and metrics,Operational metrics review,AM: Operations review | PM: Department heads,Month-end Consolidation,
2030-05-01,Wednesday,Week 1,May,Q2,2030,Growth and Development,External engagement and partnerships,Innovation initiatives,AM: External meetings | PM: Partner calls,Planning and KPI Review,Month Start - Full metrics review
2030-05-02,Thursday,Week 1,May,Q2,2030,People and Culture,Leadership development,Team assessments,AM: 1-on-1s | PM: Team development,Planning and KPI Review,
2030-05-03,Friday,Week 1,May,Q2,2030,Governance and Planning,Board matters and compliance,Week retrospective,AM: Governance | PM: Planning,Planning and KPI Review,
2030-05-04,Saturday,Week 1,May,Q2,2030,Strategic Reserve,Strategic reading and research,Personal development,Reserved,Planning and KPI Review,
2030-05-05,Sunday,Week 1,May,Q2,2030,Planning and Reflection,Week preparation,Goal alignment,Reserved,Planning and KPI Review,
2030-05-06,Monday,Week 1,May,Q2,2030,Strategic Alignment,Week kickoff and priority setting,Board preparation,AM: Executive sync | PM: Strategic planning,Planning and KPI Review,
2030-05-07,Tuesday,Week 1,May,Q2,2030,Operations,Department reviews and metrics,Operational metrics review,AM: Operations review | PM: Department heads,Planning and KPI Review,
2030-05-08,Wednesday,Week 2,May,Q2,2030,Growth and Development,External engagement and partnerships,Innovation initiatives,AM: External meetings | PM: Partner calls,Stakeholder Engagement,
2030-05-09,Thursday,Week 2,May,Q2,2030,People and Culture,Leadership development,Team assessments,AM: 1-on-1s | PM: Team development,Stakeholder Engagement,
2030-05-10,Friday,Week 2,May,Q2,2030,Governance and Planning,Board matters and compliance,Week retrospective,AM: Governance | PM: Planning,Stakeholder Engagement,
2030-05-11,Saturday,Week 2,May,Q2,2030,Strategic Reserve,Strategic reading and research,Personal development,Reserved,Stakeholder Engagement,
2030-05-12,Sunday,Week 2,May,Q2,2030,Planning and Reflection,Week preparation,Goal alignment,Reserved,Stakeholder Engagement,
2030-05-13,Monday,Week 2,May,Q2,2030,Strategic Alignment,Week kickoff and priority setting,Board preparation,AM: Executive sync | PM: Strategic planning,Stakeholder Engagement,
2030-05-14,Tuesday,Week 2,May,Q2,2030,Operations,Department reviews and metrics,Operational metrics review,AM: Operations review | PM: Department heads,Stakeholder Engagement,
2030-05-15,Wednesday,Week 3,May,Q2,2030,Growth and Development,External engagement and partnerships,Innovation initiatives,AM: External meetings | PM: Partner calls,Strategic Initiatives,Mid-month checkpoint
2030-05-16,Thursday,Week 3,May,Q2,2030,People and Culture,Leadership development,Team assessments,AM: 1-on-1s | PM: Team development,Strategic Initiatives,
2030-05-17,Friday,Week 3,May,Q2,2030,Governance and Planning,Board matters and compliance,Week retrospective,AM: Governance | PM: Planning,Strategic Initiatives,
2030-05-18,Saturday,Week 3,May,Q2,2030,Strategic Reserve,Strategic reading and research,Personal development,Reserved,Strategic Initiatives,
2030-05-19,Sunday,Week 3,May,Q2,2030,Planning and Reflection,Week preparation,Goal alignment,Reserved,Strategic Initiatives,
2030-05-20,Monday,Week 3,May,Q2,2030,Strategic Alignment,Week kickoff and priority setting,Board preparation,AM: Executive sync | PM: Strategic planning,Strategic Initiatives,
2030-05-21,Tuesday,Week 3,May,Q2,2030,Operations,Department reviews and metrics,Operational metrics review,AM: Operations review | PM: Department heads,Strategic Initiatives,
2030-05-22,Wednesday,Week 4,May,Q2,2030,Growth and Development,External engagement and partnerships,Innovation initiatives,AM: External meetings | PM: Partner calls,Performance Review,
2030-05-23,Thursday,Week 4,May,Q2,2030,People and Culture,Leadership development,Team assessments,AM: 1-on-1s | PM: Team development,Performance Review,
2030-05-24,Friday,Week 4,May,Q2,2030,Governance and Planning,Board matters and compliance,Week retrospective,AM: Governance | PM: Planning,Performance Review,
2030-05-25,Saturday,Week 4,May,Q2,2030,Strategic Reserve,Strategic reading and research,Personal development,Reserved,Performance Review,
2030-05-26,Sunday,Week 4,May,Q2,2030,Planning and Reflection,Week preparation,Goal alignment,Reserved,Performance Review,
2030-05-27,Monday,Week 4,May,Q2,2030,Strategic Alignment,Week kickoff and priority setting,Board preparation,AM: Executive sync | PM: Strategic planning,Performance Review,
2030-05-28,Tuesday,Week 4,May,Q2,2030,Operations,Department reviews and metrics,Operational metrics review,AM: Operations review | PM: Department heads,Performance Review,
2030-05-29,Wednesday,Week 5,May,Q2,2030,Growth and Development,External engagement and partnerships,Innovation initiatives,AM: External meetings | PM: Partner calls,Month-end Consolidation,
2030-05-30,Thursday,Week 5,May,Q2,2030,People and Culture,Leadership development,Team assessments,AM: 1-on-1s | PM: Team development,Month-end Consolidation,
2030-05-31,Friday,Week 5,May,Q2,2030,Governance and Planning,Board matters and compliance,Week retrospective,AM: Governance | PM: Planning,Month-end Consolidation,
2030-06-01,Saturday,Week 1,June,Q2,2030,Strategic Reserve,Strategic reading and research,Personal development,Reserved,Planning and KPI Review,Month Start - Full metrics review
2030-06-02,Sunday,Week 1,June,Q2,2030,Planning and Reflection,Week preparation,Goal alignment,Reserved,Planning and KPI Review,
2030-06-03,Monday,Week 1,June,Q2,2030,Strategic Alignment,Week kickoff and priority setting,Board preparation,AM: Executive sync | PM: Strategic planning,Planning and KPI Review,
2030-06-04,Tuesday,Week 1,June,Q2,2030,Operations,Department reviews and metrics,Operational metrics review,AM: Operations review | PM: Department heads,Planning and KPI Review,
2030-06-05,Wednesday,Week 1,June,Q2,2030,Growth and Development,External engagement and partnerships,Innovation initiatives,AM: External meetings | PM: Partner calls,Planning and KPI Review,
2030-06-06,Thursday,Week 1,June,Q2,2030,People and Culture,Leadership development,Team assessments,AM: 1-on-1s | PM: Team development,Planning and KPI Review,
2030-06-07,Friday,Week 1,June,Q2,2030,Governance and Planning,Board matters and compliance,Week retrospective,AM: Governance | PM: Planning,Planning and KPI Review,
2030-06-08,Saturday,Week 2,June,Q2,2030,Strategic Reserve,Strategic reading and research,Personal development,Reserved,Stakeholder Engagement,
2030-06-09,Sunday,Week 2,June,Q2,2030,Planning and Reflection,Week preparation,Goal alignment,Reserved,Stakeholder Engagement,
2030-06-10,Monday,Week 2,June,Q2,2030,Strategic Alignment,Week kickoff and priority setting,Board preparation,AM: Executive sync | PM: Strategic planning,Stakeholder Engagement,
2030-06-11,Tuesday,Week 2,June,Q2,2030,Operations,Department reviews and metrics,Operational metrics review,AM: Operations review | PM: Department heads,Stakeholder Engagement,
2030-06-12,Wednesday,Week 2,June,Q2,2030,Growth and Development,External engagement and partnerships,Innovation initiatives,AM: External meetings | PM: Partner calls,Stakeholder Engagement,
2030-06-13,Thursday,Week 2,June,Q2,2030,People and Culture,Leadership development,Team assessments,AM: 1-on-1s | PM: Team development,Stakeholder Engagement,
2030-06-14,Friday,Week 2,June,Q2,2030,Governance and Planning,Board matters and compliance,Week retrospective,AM: Governance | PM: Planning,Stakeholder Engagement,
2030-06-15,Saturday,Week 3,June,Q2,2030,Strategic Reserve,Strategic reading and research,Personal development,Reserved,Strategic Initiatives,Mid-month checkpoint
2030-06-16,Sunday,Week 3,June,Q2,2030,Planning and Reflection,Week preparation,Goal alignment,Reserved,Strategic Initiatives,
2030-06-17,Monday,Week 3,June,Q2,2030,Strategic Alignment,Week kickoff and priority setting,Board preparation,AM: Executive sync | PM: Strategic planning,Strategic Initiatives,
2030-06-18,Tuesday,Week 3,June,Q2,2030,Operations,Department reviews and metrics,Operational metrics review,AM: Operations review | PM: Department heads,Strategic Initiatives,
2030-06-19,Wednesday,Week 3,June,Q2,2030,Growth and Development,External engagement and partnerships,Innovation initiatives,AM: External meetings | PM: Partner calls,Strategic Initiatives,
2030-06-20,Thursday,Week 3,June,Q2,2030,People and Culture,Leadership development,Team assessments,AM: 1-on-1s | PM: Team development,Strategic Initiatives,
2030-06-21,Friday,Week 3,June,Q2,2030,Governance and Planning,Board matters and compliance,Week retrospective,AM: Governance | PM: Planning,Strategic Initiatives,
2030-06-22,Saturday,Week 4,June,Q2,2030,Strategic Reserve,Strategic reading and research,Personal development,Reserved,Performance Review,
2030-06-23,Sunday,Week 4,June,Q2,2030,Planning and Reflection,Week preparation,Goal alignment,Reserved,Performance Review,
2030-06-24,Monday,Week 4,June,Q2,2030,Strategic Alignment,Week kickoff and priority setting,Board preparation,AM: Executive sync | PM: Strategic planning,Performance Review,
2030-06-25,Tuesday,Week 4,June,Q2,2030,Operations,Department reviews and metrics,Operational metrics review,AM: Operations review | PM: Department heads,Performance Review,
2030-06-26,Wednesday,Week 4,June,Q2,2030,Growth and Development,External engagement and partnerships,Innovation initiatives,AM: External meetings | PM: Partner calls,Performance Review,
2030-06-27,Thursday,Week 4,June,Q2,2030,People and Culture,Leadership development,Team assessments,AM: 1-on-1s | PM: Team development,Performance Review,
2030-06-28,Friday,Week 4,June,Q2,2030,Governance and Planning,Board matters and compliance,Week retrospective,AM: Governance | PM: Planning,Performance Review,
2030-06-29,Saturday,Week 5,June,Q2,2030,Strategic Reserve,Strategic reading and research,Personal development,Reserved,Month-end Consolidation,
2030-06-30,Sunday,Week 5,June,Q2,2030,Planning and Reflection,Week preparation,Goal alignment,Reserved,Month-end Consolidation,
2030-07-01,Monday,Week 1,July,Q3,2030,Strategic Alignment,Week kickoff and priority setting,Board preparation,AM: Executive sync | PM: Strategic planning,Planning and KPI Review,Quarter Start - QBR preparation
2030-07-02,Tuesday,Week 1,July,Q3,2030,Operations,Department reviews and metrics,Operational metrics review,AM: Operations review | PM: Department heads,Planning and KPI Review,
2030-07-03,Wednesday,Week 1,July,Q3,2030,Growth and Development,External engagement and partnerships,Innovation initiatives,AM: External meetings | PM: Partner calls,Planning and KPI Review,
2030-07-04,Thursday,Week 1,July,Q3,2030,People and Culture,Leadership development,Team assessments,AM: 1-on-1s | PM: Team development,Planning and KPI Review,
2030-07-05,Friday,Week 1,July,Q3,2030,Governance and Planning,Board matters and compliance,Week retrospective,AM: Governance | PM: Planning,Planning and KPI Review,
2030-07-06,Saturday,Week 1,July,Q3,2030,Strategic Reserve,Strategic reading and research,Personal development,Reserved,Planning and KPI Review,
2030-07-07,Sunday,Week 1,July,Q3,2030,Planning and Reflection,Week preparation,Goal alignment,Reserved,Planning and KPI Review,
2030-07-08,Monday,Week 2,July,Q3,2030,Strategic Alignment,Week kickoff and priority setting,Board preparation,AM: Executive sync | PM: Strategic planning,Stakeholder Engagement,
2030-07-09,Tuesday,Week 2,July,Q3,2030,Operations,Department reviews and metrics,Operational metrics review,AM: Operations review | PM: Department heads,Stakeholder Engagement,
2030-07-10,Wednesday,Week 2,July,Q3,2030,Growth and Development,External engagement and partnerships,Innovation initiatives,AM: External meetings | PM: Partner calls,Stakeholder Engagement,
2030-07-11,Thursday,Week 2,July,Q3,2030,People and Culture,Leadership development,Team assessments,AM: 1-on-1s | PM: Team development,Stakeholder Engagement,
2030-07-12,Friday,Week 2,July,Q3,2030,Governance and Planning,Board matters and compliance,Week retrospective,AM: Governance | PM: Planning,Stakeholder Engagement,
2030-07-13,Saturday,Week 2,July,Q3,2030,Strategic Reserve,Strategic reading and research,Personal development,Reserved,Stakeholder Engagement,
2030-07-14,Sunday,Week 2,July,Q3,2030,Planning and Reflection,Week preparation,Goal alignment,Reserved,Stakeholder Engagement,
2030-07-15,Monday,Week 3,July,Q3,2030,Strategic Alignment,Week kickoff and priority setting,Board preparation,AM: Executive sync | PM: Strategic planning,Strategic Initiatives,Mid-month checkpoint
2030-07-16,Tuesday,Week 3,July,Q3,2030,Operations,Department reviews and metrics,Operational metrics review,AM: Operations review | PM: Department heads,Strategic Initiatives,
2030-07-17,Wednesday,Week 3,July,Q3,2030,Growth and Development,External engagement and partnerships,Innovation initiatives,AM: External meetings | PM: Partner calls,Strategic Initiatives,
2030-07-18,Thursday,Week 3,July,Q3,2030,People and Culture,Leadership development,Team assessments,AM: 1-on-1s | PM: Team development,Strategic Initiatives,
2030-07-19,Friday,Week 3,July,Q3,2030,Governance and Planning,Board matters and compliance,Week retrospective,AM: Governance | PM: Planning,Strategic Initiatives,
2030-07-20,Saturday,Week 3,July,Q3,2030,Strategic Reserve,Strategic reading and research,Personal development,Reserved,Strategic Initiatives,
2030-07-21,Sunday,Week 3,July,Q3,2030,Planning and Reflection,Week preparation,Goal alignment,Reserved,Strategic Initiatives,
2030-07-22,Monday,Week 4,July,Q3,2030,Strategic Alignment,Week kickoff and priority setting,Board preparation,AM: Executive sync | PM: Strategic planning,Performance Review,
2030-07-23,Tuesday,Week 4,July,Q3,2030,Operations,Department reviews and metrics,Operational metrics review,AM: Operations review | PM: Department heads,Performance Review,
2030-07-24,Wednesday,Week 4,July,Q3,2030,Growth and Development,External engagement and partnerships,Innovation initiatives,AM: External meetings | PM: Partner calls,Performance Review,
2030-07-25,Thursday,Week 4,July,Q3,2030,People and Culture,Leadership development,Team assessments,AM: 1-on-1s | PM: Team development,Performance Review,
2030-07-26,Friday,Week 4,July,Q3,2030,Governance and Planning,Board matters and compliance,Week retrospective,AM: Governance | PM: Planning,Performance Review,
2030-07-27,Saturday,Week 4,July,Q3,2030,Strategic Reserve,Strategic reading and research,Personal development,Reserved,Performance Review,
2030-07-28,Sunday,Week 4,July,Q3,2030,Planning and Reflection,Week preparation,Goal alignment,Reserved,Performance Review,
2030-07-29,Monday,Week 5,July,Q3,2030,Strategic Alignment,Week kickoff and priority setting,Board preparation,AM: Executive sync | PM: Strategic planning,Month-end Consolidation,
2030-07-30,Tuesday,Week 5,July,Q3,2030,Operations,Department reviews and metrics,Operational metrics review,AM: Operations review | PM: Department heads,Month-end Consolidation,
2030-07-31,Wednesday,Week 5,July,Q3,2030,Growth and Development,External engagement and partnerships,Innovation initiatives,AM: External meetings | PM: Partner calls,Month-end Consolidation,
2030-08-01,Thursday,Week 1,August,Q3,2030,People and Culture,Leadership development,Team assessments,AM: 1-on-1s | PM: Team development,Planning and KPI Review,Month Start - Full metrics review
2030-08-02,Friday,Week 1,August,Q3,2030,Governance and Planning,Board matters and compliance,Week retrospective,AM: Governance | PM: Planning,Planning and KPI Review,
2030-08-03,Saturday,Week 1,August,Q3,2030,Strategic Reserve,Strategic reading and research,Personal development,Reserved,Planning and KPI Review,
2030-08-04,Sunday,Week 1,August,Q3,2030,Planning and Reflection,Week preparation,Goal alignment,Reserved,Planning and KPI Review,
2030-08-05,Monday,Week 1,August,Q3,2030,Strategic Alignment,Week kickoff and priority setting,Board preparation,AM: Executive sync | PM: Strategic planning,Planning and KPI Review,
2030-08-06,Tuesday,Week 1,August,Q3,2030,Operations,Department reviews and metrics,Operational metrics review,AM: Operations review | PM: Department heads,Planning and KPI Review,
2030-08-07,Wednesday,Week 1,August,Q3,2030,Growth and Development,External engagement and partnerships,Innovation initiatives,AM: External meetings | PM: Partner calls,Planning and KPI Review,
2030-08-08,Thursday,Week 2,August,Q3,2030,People and Culture,Leadership development,Team assessments,AM: 1-on-1s | PM: Team development,Stakeholder Engagement,
2030-08-09,Friday,Week 2,August,Q3,2030,Governance and Planning,Board matters and compliance,Week retrospective,AM: Governance | PM: Planning,Stakeholder Engagement,
2030-08-10,Saturday,Week 2,August,Q3,2030,Strategic Reserve,Strategic reading and research,Personal development,Reserved,Stakeholder Engagement,
2030-08-11,Sunday,Week 2,August,Q3,2030,Planning and Reflection,Week preparation,Goal alignment,Reserved,Stakeholder Engagement,
2030-08-12,Monday,Week 2,August,Q3,2030,Strategic Alignment,Week kickoff and priority setting,Board preparation,AM: Executive sync | PM: Strategic planning,Stakeholder Engagement,
2030-08-13,Tuesday,Week 2,August,Q3,2030,Operations,Department reviews and metrics,Operational metrics review,AM: Operations review | PM: Department heads,Stakeholder Engagement,
2030-08-14,Wednesday,Week 2,August,Q3,2030,Growth and Development,External engagement and partnerships,Innovation initiatives,AM: External meetings | PM: Partner calls,Stakeholder Engagement,
2030-08-15,Thursday,Week 3,August,Q3,2030,People and Culture,Leadership development,Team assessments,AM: 1-on-1s | PM: Team development,Strategic Initiatives,Mid-month checkpoint
2030-08-16,Friday,Week 3,August,Q3,2030,Governance and Planning,Board matters and compliance,Week retrospective,AM: Governance | PM: Planning,Strategic Initiatives,
2030-08-17,Saturday,Week 3,August,Q3,2030,Strategic Reserve,Strategic reading and research,Personal development,Reserved,Strategic Initiatives,
2030-08-18,Sunday,Week 3,August,Q3,2030,Planning and Reflection,Week preparation,Goal alignment,Reserved,Strategic Initiatives,
2030-08-19,Monday,Week 3,August,Q3,2030,Strategic Alignment,Week kickoff and priority setting,Board preparation,AM: Executive sync | PM: Strategic planning,Strategic Initiatives,
2030-08-20,Tuesday,Week 3,August,Q3,2030,Operations,Department reviews and metrics,Operational metrics review,AM: Operations review | PM: Department heads,Strategic Initiatives,
2030-08-21,Wednesday,Week 3,August,Q3,2030,Growth and Development,External engagement and partnerships,Innovation initiatives,AM: External meetings | PM: Partner calls,Strategic Initiatives,
2030-08-22,Thursday,Week 4,August,Q3,2030,People and Culture,Leadership development,Team assessments,AM: 1-on-1s | PM: Team development,Performance Review,
2030-08-23,Friday,Week 4,August,Q3,2030,Governance and Planning,Board matters and compliance,Week retrospective,AM: Governance | PM: Planning,Performance Review,
2030-08-24,Saturday,Week 4,August,Q3,2030,Strategic Reserve,Strategic reading and research,Personal development,Reserved,Performance Review,
2030-08-25,Sunday,Week 4,August,Q3,2030,Planning and Reflection,Week preparation,Goal alignment,Reserved,Performance Review,
2030-08-26,Monday,Week 4,August,Q3,2030,Strategic Alignment,Week kickoff and priority setting,Board preparation,AM: Executive sync | PM: Strategic planning,Performance Review,
2030-08-27,Tuesday,Week 4,August,Q3,2030,Operations,Department reviews and metrics,Operational metrics review,AM: Operations review | PM: Department heads,Performance Review,
2030-08-28,Wednesday,Week 4,August,Q3,2030,Growth and Development,External engagement and partnerships,Innovation initiatives,AM: External meetings | PM: Partner calls,Performance Review,
2030-08-29,Thursday,Week 5,August,Q3,2030,People and Culture,Leadership development,Team assessments,AM: 1-on-1s | PM: Team development,Month-end Consolidation,
2030-08-30,Friday,Week 5,August,Q3,2030,Governance and Planning,Board matters and compliance,Week retrospective,AM: Governance | PM: Planning,Month-end Consolidation,
2030-08-31,Saturday,Week 5,August,Q3,2030,Strategic Reserve,Strategic reading and research,Personal development,Reserved,Month-end Consolidation,
2030-09-01,Sunday,Week 1,September,Q3,2030,Planning and Reflection,Week preparation,Goal alignment,Reserved,Planning and KPI Review,Month Start - Full metrics review
2030-09-02,Monday,Week 1,September,Q3,2030,Strategic Alignment,Week kickoff and priority setting,Board preparation,AM: Executive sync | PM: Strategic planning,Planning and KPI Review,
2030-09-03,Tuesday,Week 1,September,Q3,2030,Operations,Department reviews and metrics,Operational metrics review,AM: Operations review | PM: Department heads,Planning and KPI Review,
2030-09-04,Wednesday,Week 1,September,Q3,2030,Growth and Development,External engagement and partnerships,Innovation initiatives,AM: External meetings | PM: Partner calls,Planning and KPI Review,
2030-09-05,Thursday,Week 1,September,Q3,2030,People and Culture,Leadership development,Team assessments,AM: 1-on-1s | PM: Team development,Planning and KPI Review,
2030-09-06,Friday,Week 1,September,Q3,2030,Governance and Planning,Board matters and compliance,Week retrospective,AM: Governance | PM: Planning,Planning and KPI Review,
2030-09-07,Saturday,Week 1,September,Q3,2030,Strategic Reserve,Strategic reading and research,Personal development,Reserved,Planning and KPI Review,
2030-09-08,Sunday,Week 2,September,Q3,2030,Planning and Reflection,Week preparation,Goal alignment,Reserved,Stakeholder Engagement,
2030-09-09,Monday,Week 2,September,Q3,2030,Strategic Alignment,Week kickoff and priority setting,Board preparation,AM: Executive sync | PM: Strategic planning,Stakeholder Engagement,
2030-09-10,Tuesday,Week 2,September,Q3,2030,Operations,Department reviews and metrics,Operational metrics review,AM: Operations review | PM: Department heads,Stakeholder Engagement,
2030-09-11,Wednesday,Week 2,September,Q3,2030,Growth and Development,External engagement and partnerships,Innovation initiatives,AM: External meetings | PM: Partner calls,Stakeholder Engagement,
2030-09-12,Thursday,Week 2,September,Q3,2030,People and Culture,Leadership development,Team assessments,AM: 1-on-1s | PM: Team development,Stakeholder Engagement,
2030-09-13,Friday,Week 2,September,Q3,2030,Governance and Planning,Board matters and compliance,Week retrospective,AM: Governance | PM: Planning,Stakeholder Engagement,
2030-09-14,Saturday,Week 2,September,Q3,2030,Strategic Reserve,Strategic reading and research,Personal development,Reserved,Stakeholder Engagement,
2030-09-15,Sunday,Week 3,September,Q3,2030,Planning and Reflection,Week preparation,Goal alignment,Reserved,Strategic Initiatives,Mid-month checkpoint
2030-09-16,Monday,Week 3,September,Q3,2030,Strategic Alignment,Week kickoff and priority setting,Board preparation,AM: Executive sync | PM: Strategic planning,Strategic Initiatives,
2030-09-17,Tuesday,Week 3,September,Q3,2030,Operations,Department reviews and metrics,Operational metrics review,AM: Operations review | PM: Department heads,Strategic Initiatives,
2030-09-18,Wednesday,Week 3,September,Q3,2030,Growth and Development,External engagement and partnerships,Innovation initiatives,AM: External meetings | PM: Partner calls,Strategic Initiatives,
2030-09-19,Thursday,Week 3,September,Q3,2030,People and Culture,Leadership development,Team assessments,AM: 1-on-1s | PM: Team development,Strategic Initiatives,
2030-09-20,Friday,Week 3,September,Q3,2030,Governance and Planning,Board matters and compliance,Week retrospective,AM: Governance | PM: Planning,Strategic Initiatives,
2030-09-21,Saturday,Week 3,September,Q3,2030,Strategic Reserve,Strategic reading and research,Personal development,Reserved,Strategic Initiatives,
2030-09-22,Sunday,Week 4,September,Q3,2030,Planning and Reflection,Week preparation,Goal alignment,Reserved,Performance Review,
2030-09-23,Monday,Week 4,September,Q3,2030,Strategic Alignment,Week kickoff and priority setting,Board preparation,AM: Executive sync | PM: Strategic planning,Performance Review,
2030-09-24,Tuesday,Week 4,September,Q3,2030,Operations,Department reviews and metrics,Operational metrics review,AM: Operations review | PM: Department heads,Performance Review,
2030-09-25,Wednesday,Week 4,September,Q3,2030,Growth and Development,External engagement and partnerships,Innovation initiatives,AM: External meetings | PM: Partner calls,Performance Review,
2030-09-26,Thursday,Week 4,September,Q3,2030,People and Culture,Leadership development,Team assessments,AM: 1-on-1s | PM: Team development,Performance Review,
2030-09-27,Friday,Week 4,September,Q3,2030,Governance and Planning,Board matters and compliance,Week retrospective,AM: Governance | PM: Planning,Performance Review,
2030-09-28,Saturday,Week 4,September,Q3,2030,Strategic Reserve,Strategic reading and research,Personal development,Reserved,Performance Review,
2030-09-29,Sunday,Week 5,September,Q3,2030,Planning and Reflection,Week preparation,Goal alignment,Reserved,Month-end Consolidation,
2030-09-30,Monday,Week 5,September,Q3,2030,Strategic Alignment,Week kickoff and priority setting,Board preparation,AM: Executive sync | PM: Strategic planning,Month-end Consolidation,
2030-10-01,Tuesday,Week 1,October,Q4,2030,Operations,Department reviews and metrics,Operational metrics review,AM: Operations review | PM: Department heads,Planning and KPI Review,Quarter Start - QBR preparation
2030-10-02,Wednesday,Week 1,October,Q4,2030,Growth and Development,External engagement and partnerships,Innovation initiatives,AM: External meetings | PM: Partner calls,Planning and KPI Review,
2030-10-03,Thursday,Week 1,October,Q4,2030,People and Culture,Leadership development,Team assessments,AM: 1-on-1s | PM: Team development,Planning and KPI Review,
2030-10-04,Friday,Week 1,October,Q4,2030,Governance and Planning,Board matters and compliance,Week retrospective,AM: Governance | PM: Planning,Planning and KPI Review,
2030-10-05,Saturday,Week 1,October,Q4,2030,Strategic Reserve,Strategic reading and research,Personal development,Reserved,Planning and KPI Review,
2030-10-06,Sunday,Week 1,October,Q4,2030,Planning and Reflection,Week preparation,Goal alignment,Reserved,Planning and KPI Review,
2030-10-07,Monday,Week 1,October,Q4,2030,Strategic Alignment,Week kickoff and priority setting,Board preparation,AM: Executive sync | PM: Strategic planning,Planning and KPI Review,
2030-10-08,Tuesday,Week 2,October,Q4,2030,Operations,Department reviews and metrics,Operational metrics review,AM: Operations review | PM: Department heads,Stakeholder Engagement,
2030-10-09,Wednesday,Week 2,October,Q4,2030,Growth and Development,External engagement and partnerships,Innovation initiatives,AM: External meetings | PM: Partner calls,Stakeholder Engagement,
2030-10-10,Thursday,Week 2,October,Q4,2030,People and Culture,Leadership development,Team assessments,AM: 1-on-1s | PM: Team development,Stakeholder Engagement,
2030-10-11,Friday,Week 2,October,Q4,2030,Governance and Planning,Board matters and compliance,Week retrospective,AM: Governance | PM: Planning,Stakeholder Engagement,
2030-10-12,Saturday,Week 2,October,Q4,2030,Strategic Reserve,Strategic reading and research,Personal development,Reserved,Stakeholder Engagement,
2030-10-13,Sunday,Week 2,October,Q4,2030,Planning and Reflection,Week preparation,Goal alignment,Reserved,Stakeholder Engagement,
2030-10-14,Monday,Week 2,October,Q4,2030,Strategic Alignment,Week kickoff and priority setting,Board preparation,AM: Executive sync | PM: Strategic planning,Stakeholder Engagement,
2030-10-15,Tuesday,Week 3,October,Q4,2030,Operations,Department reviews and metrics,Operational metrics review,AM: Operations review | PM: Department heads,Strategic Initiatives,Mid-month checkpoint
2030-10-16,Wednesday,Week 3,October,Q4,2030,Growth and Development,External engagement and partnerships,Innovation initiatives,AM: External meetings | PM: Partner calls,Strategic Initiatives,
2030-10-17,Thursday,Week 3,October,Q4,2030,People and Culture,Leadership development,Team assessments,AM: 1-on-1s | PM: Team development,Strategic Initiatives,
2030-10-18,Friday,Week 3,October,Q4,2030,Governance and Planning,Board matters and compliance,Week retrospective,AM: Governance | PM: Planning,Strategic Initiatives,
2030-10-19,Saturday,Week 3,October,Q4,2030,Strategic Reserve,Strategic reading and research,Personal development,Reserved,Strategic Initiatives,
2030-10-20,Sunday,Week 3,October,Q4,2030,Planning and Reflection,Week preparation,Goal alignment,Reserved,Strategic Initiatives,
2030-10-21,Monday,Week 3,October,Q4,2030,Strategic Alignment,Week kickoff and priority setting,Board preparation,AM: Executive sync | PM: Strategic planning,Strategic Initiatives,
2030-10-22,Tuesday,Week 4,October,Q4,2030,Operations,Department reviews and metrics,Operational metrics review,AM: Operations review | PM: Department heads,Performance Review,
2030-10-23,Wednesday,Week 4,October,Q4,2030,Growth and Development,External engagement and partnerships,Innovation initiatives,AM: External meetings | PM: Partner calls,Performance Review,
2030-10-24,Thursday,Week 4,October,Q4,2030,People and Culture,Leadership development,Team assessments,AM: 1-on-1s | PM: Team development,Performance Review,
2030-10-25,Friday,Week 4,October,Q4,2030,Governance and Planning,Board matters and compliance,Week retrospective,AM: Governance | PM: Planning,Performance Review,
2030-10-26,Saturday,Week 4,October,Q4,2030,Strategic Reserve,Strategic reading and research,Personal development,Reserved,Performance Review,
2030-10-27,Sunday,Week 4,October,Q4,2030,Planning and Reflection,Week preparation,Goal alignment,Reserved,Performance Review,
2030-10-28,Monday,Week 4,October,Q4,2030,Strategic Alignment,Week kickoff and priority setting,Board preparation,AM: Executive sync | PM: Strategic planning,Performance Review,
2030-10-29,Tuesday,Week 5,October,Q4,2030,Operations,Department reviews and metrics,Operational metrics review,AM: Operations review | PM: Department heads,Month-end Consolidation,
2030-10-30,Wednesday,Week 5,October,Q4,2030,Growth and Development,External engagement and partnerships,Innovation initiatives,AM: External meetings | PM: Partner calls,Month-end Consolidation,
2030-10-31,Thursday,Week 5,October,Q4,2030,People and Culture,Leadership development,Team assessments,AM: 1-on-1s | PM: Team development,Month-end Consolidation,
2030-11-01,Friday,Week 1,November,Q4,2030,Governance and Planning,Board matters and compliance,Week retrospective,AM: Governance | PM: Planning,Planning and KPI Review,Month Start - Full metrics review
2030-11-02,Saturday,Week 1,November,Q4,2030,Strategic Reserve,Strategic reading and research,Personal development,Reserved,Planning and KPI Review,
2030-11-03,Sunday,Week 1,November,Q4,2030,Planning and Reflection,Week preparation,Goal alignment,Reserved,Planning and KPI Review,
2030-11-04,Monday,Week 1,November,Q4,2030,Strategic Alignment,Week kickoff and priority setting,Board preparation,AM: Executive sync | PM: Strategic planning,Planning and KPI Review,
2030-11-05,Tuesday,Week 1,November,Q4,2030,Operations,Department reviews and metrics,Operational metrics review,AM: Operations review | PM: Department heads,Planning and KPI Review,
2030-11-06,Wednesday,Week 1,November,Q4,2030,Growth and Development,External engagement and partnerships,Innovation initiatives,AM: External meetings | PM: Partner calls,Planning and KPI Review,
2030-11-07,Thursday,Week 1,November,Q4,2030,People and Culture,Leadership development,Team assessments,AM: 1-on-1s | PM: Team development,Planning and KPI Review,
2030-11-08,Friday,Week 2,November,Q4,2030,Governance and Planning,Board matters and compliance,Week retrospective,AM: Governance | PM: Planning,Stakeholder Engagement,
2030-11-09,Saturday,Week 2,November,Q4,2030,Strategic Reserve,Strategic reading and research,Personal development,Reserved,Stakeholder Engagement,
2030-11-10,Sunday,Week 2,November,Q4,2030,Planning and Reflection,Week preparation,Goal alignment,Reserved,Stakeholder Engagement,
2030-11-11,Monday,Week 2,November,Q4,2030,Strategic Alignment,Week kickoff and priority setting,Board preparation,AM: Executive sync | PM: Strategic planning,Stakeholder Engagement,
2030-11-12,Tuesday,Week 2,November,Q4,2030,Operations,Department reviews and metrics,Operational metrics review,AM: Operations review | PM: Department heads,Stakeholder Engagement,
2030-11-13,Wednesday,Week 2,November,Q4,2030,Growth and Development,External engagement and partnerships,Innovation initiatives,AM: External meetings | PM: Partner calls,Stakeholder Engagement,
2030-11-14,Thursday,Week 2,November,Q4,2030,People and Culture,Leadership development,Team assessments,AM: 1-on-1s | PM: Team development,Stakeholder Engagement,
2030-11-15,Friday,Week 3,November,Q4,2030,Governance and Planning,Board matters and compliance,Week retrospective,AM: Governance | PM: Planning,Strategic Initiatives,Mid-month checkpoint
2030-11-16,Saturday,Week 3,November,Q4,2030,Strategic Reserve,Strategic reading and research,Personal development,Reserved,Strategic Initiatives,
2030-11-17,Sunday,Week 3,November,Q4,2030,Planning and Reflection,Week preparation,Goal alignment,Reserved,Strategic Initiatives,
2030-11-18,Monday,Week 3,November,Q4,2030,Strategic Alignment,Week kickoff and priority setting,Board preparation,AM: Executive sync | PM: Strategic planning,Strategic Initiatives,
2030-11-19,Tuesday,Week 3,November,Q4,2030,Operations,Department reviews and metrics,Operational metrics review,AM: Operations review | PM: Department heads,Strategic Initiatives,
2030-11-20,Wednesday,Week 3,November,Q4,2030,Growth and Development,External engagement and partnerships,Innovation initiatives,AM: External meetings | PM: Partner calls,Strategic Initiatives,
2030-11-21,Thursday,Week 3,November,Q4,2030,People and Culture,Leadership development,Team assessments,AM: 1-on-1s | PM: Team development,Strategic Initiatives,
2030-11-22,Friday,Week 4,November,Q4,2030,Governance and Planning,Board matters and compliance,Week retrospective,AM: Governance | PM: Planning,Performance Review,
2030-11-23,Saturday,Week 4,November,Q4,2030,Strategic Reserve,Strategic reading and research,Personal development,Reserved,Performance Review,
2030-11-24,Sunday,Week 4,November,Q4,2030,Planning and Reflection,Week preparation,Goal alignment,Reserved,Performance Review,
2030-11-25,Monday,Week 4,November,Q4,2030,Strategic Alignment,Week kickoff and priority setting,Board preparation,AM: Executive sync | PM: Strategic planning,Performance Review,
2030-11-26,Tuesday,Week 4,November,Q4,2030,Operations,Department reviews and metrics,Operational metrics review,AM: Operations review | PM: Department heads,Performance Review,
2030-11-27,Wednesday,Week 4,November,Q4,2030,Growth and Development,External engagement and partnerships,Innovation initiatives,AM: External meetings | PM: Partner calls,Performance Review,
2030-11-28,Thursday,Week 4,November,Q4,2030,People and Culture,Leadership development,Team assessments,AM: 1-on-1s | PM: Team development,Performance Review,
2030-11-29,Friday,Week 5,November,Q4,2030,Governance and Planning,Board matters and compliance,Week retrospective,AM: Governance | PM: Planning,Month-end Consolidation,
2030-11-30,Saturday,Week 5,November,Q4,2030,Strategic Reserve,Strategic reading and research,Personal development,Reserved,Month-end Consolidation,
2030-12-01,Sunday,Week 1,December,Q4,2030,Planning and Reflection,Week preparation,Goal alignment,Reserved,Planning and KPI Review,Month Start - Full metrics review
2030-12-02,Monday,Week 1,December,Q4,2030,Strategic Alignment,Week kickoff and priority setting,Board preparation,AM: Executive sync | PM: Strategic planning,Planning and KPI Review,
2030-12-03,Tuesday,Week 1,December,Q4,2030,Operations,Department reviews and metrics,Operational metrics review,AM: Operations review | PM: Department heads,Planning and KPI Review,
2030-12-04,Wednesday,Week 1,December,Q4,2030,Growth and Development,External engagement and partnerships,Innovation initiatives,AM: External meetings | PM: Partner calls,Planning and KPI Review,
2030-12-05,Thursday,Week 1,December,Q4,2030,People and Culture,Leadership development,Team assessments,AM: 1-on-1s | PM: Team development,Planning and KPI Review,
2030-12-06,Friday,Week 1,December,Q4,2030,Governance and Planning,Board matters and compliance,Week retrospective,AM: Governance | PM: Planning,Planning and KPI Review,
2030-12-07,Saturday,Week 1,December,Q4,2030,Strategic Reserve,Strategic reading and research,Personal development,Reserved,Planning and KPI Review,
2030-12-08,Sunday,Week 2,December,Q4,2030,Planning and Reflection,Week preparation,Goal alignment,Reserved,Stakeholder Engagement,
2030-12-09,Monday,Week 2,December,Q4,2030,Strategic Alignment,Week kickoff and priority setting,Board preparation,AM: Executive sync | PM: Strategic planning,Stakeholder Engagement,
2030-12-10,Tuesday,Week 2,December,Q4,2030,Operations,Department reviews and metrics,Operational metrics review,AM: Operations review | PM: Department heads,Stakeholder Engagement,
2030-12-11,Wednesday,Week 2,December,Q4,2030,Growth and Development,External engagement and partnerships,Innovation initiatives,AM: External meetings | PM: Partner calls,Stakeholder Engagement,
2030-12-12,Thursday,Week 2,December,Q4,2030,People and Culture,Leadership development,Team assessments,AM: 1-on-1s | PM: Team development,Stakeholder Engagement,
2030-12-13,Friday,Week 2,December,Q4,2030,Governance and Planning,Board matters and compliance,Week retrospective,AM: Governance | PM: Planning,Stakeholder Engagement,
2030-12-14,Saturday,Week 2,December,Q4,2030,Strategic Reserve,Strategic reading and research,Personal development,Reserved,Stakeholder Engagement,
2030-12-15,Sunday,Week 3,December,Q4,2030,Planning and Reflection,Week preparation,Goal alignment,Reserved,Strategic Initiatives,Mid-month checkpoint
2030-12-16,Monday,Week 3,December,Q4,2030,Strategic Alignment,Week kickoff and priority setting,Board preparation,AM: Executive sync | PM: Strategic planning,Strategic Initiatives,
2030-12-17,Tuesday,Week 3,December,Q4,2030,Operations,Department reviews and metrics,Operational metrics review,AM: Operations review | PM: Department heads,Strategic Initiatives,
2030-12-18,Wednesday,Week 3,December,Q4,2030,Growth and Development,External engagement and partnerships,Innovation initiatives,AM: External meetings | PM: Partner calls,Strategic Initiatives,
2030-12-19,Thursday,Week 3,December,Q4,2030,People and Culture,Leadership development,Team assessments,AM: 1-on-1s | PM: Team development,Strategic Initiatives,
2030-12-20,Friday,Week 3,December,Q4,2030,Governance and Planning,Board matters and compliance,Week retrospective,AM: Governance | PM: Planning,Strategic Initiatives,
2030-12-21,Saturday,Week 3,December,Q4,2030,Strategic Reserve,Strategic reading and research,Personal development,Reserved,Strategic Initiatives,
2030-12-22,Sunday,Week 4,December,Q4,2030,Planning and Reflection,Week preparation,Goal alignment,Reserved,Performance Review,
2030-12-23,Monday,Week 4,December,Q4,2030,Strategic Alignment,Week kickoff and priority setting,Board preparation,AM: Executive sync | PM: Strategic planning,Performance Review,
2030-12-24,Tuesday,Week 4,December,Q4,2030,Operations,Department reviews and metrics,Operational metrics review,AM: Operations review | PM: Department heads,Performance Review,
2030-12-25,Wednesday,Week 4,December,Q4,2030,Growth and Development,External engagement and partnerships,Innovation initiatives,AM: External meetings | PM: Partner calls,Performance Review,
2030-12-26,Thursday,Week 4,December,Q4,2030,People and Culture,Leadership development,Team assessments,AM: 1-on-1s | PM: Team development,Performance Review,
2030-12-27,Friday,Week 4,December,Q4,2030,Governance and Planning,Board matters and compliance,Week retrospective,AM: Governance | PM: Planning,Performance Review,
2030-12-28,Saturday,Week 4,December,Q4,2030,Strategic Reserve,Strategic reading and research,Personal development,Reserved,Performance Review,
2030-12-29,Sunday,Week 5,December,Q4,2030,Planning and Reflection,Week preparation,Goal alignment,Reserved,Month-end Consolidation,
2030-12-30,Monday,Week 5,December,Q4,2030,Strategic Alignment,Week kickoff and priority setting,Board preparation,AM: Executive sync | PM: Strategic planning,Month-end Consolidation,
2030-12-31,Tuesday,Week 5,December,Q4,2030,Operations,Department reviews and metrics,Operational metrics review,AM: Operations review | PM: Department heads,Month-end Consolidation,Year End - Annual retrospective
